id,name,bus,pa,pb,pc,qa,qb,qc,sa_max,sb_max,sc_max,phases,qa_max,qb_max,qc_max,qa_min,qb_min,qc_min
3,3,3,0.018,0.0,0.0,0.0,0.0,0.0,0.018,0.0,0.0,a,"(None,)","(None,)","(None,)","(None,)","(None,)","(None,)"
9,54,54,0.018,0.0,0.0,0.0,0.0,0.0,0.018,0.0,0.0,a,"(None,)","(None,)","(None,)","(None,)","(None,)","(None,)"
10,55,55,0.018,0.0,0.0,0.0,0.0,0.0,0.018,0.0,0.0,a,"(None,)","(None,)","(None,)","(None,)","(None,)","(None,)"
15,60,60,0.0,0.018,0.0,0.0,0.0,0.0,0.0,0.018,0.0,b,"(None,)","(None,)","(None,)","(None,)","(None,)","(None,)"
20,64,64,0.0,0.0,0.018,0.0,0.0,0.0,0.0,0.0,0.018,c,"(None,)","(None,)","(None,)","(None,)","(None,)","(None,)"
21,65,65,0.018,0.0,0.0,0.0,0.0,0.0,0.018,0.0,0.0,a,"(None,)","(None,)","(None,)","(None,)","(None,)","(None,)"
22,66,66,0.0,0.03375,0.0,0.0,0.0,0.0,0.0,0.03375,0.0,b,"(None,)","(None,)","(None,)","(None,)","(None,)","(None,)"
23,67,67,0.01575,0.01575,0.0315,0.0,0.0,0.0,0.01575,0.01575,0.0315,abc,"(None, None, None)","(None, None, None)","(None, None, None)","(None, None, None)","(None, None, None)","(None, None, None)"
24,68,68,0.0,0.0,0.03375,0.0,0.0,0.0,0.0,0.0,0.03375,c,"(None,)","(None,)","(None,)","(None,)","(None,)","(None,)"
46,108,108,0.0,0.036,0.0,0.0,0.0,0.0,0.0,0.036,0.0,b,"(None,)","(None,)","(None,)","(None,)","(None,)","(None,)"
49,71,71,0.018,0.0,0.0,0.0,0.0,0.0,0.018,0.0,0.0,a,"(None,)","(None,)","(None,)","(None,)","(None,)","(None,)"
51,73,73,0.018,0.0,0.0,0.0,0.0,0.0,0.018,0.0,0.0,a,"(None,)","(None,)","(None,)","(None,)","(None,)","(None,)"
53,75,75,0.0,0.0,0.018,0.0,0.0,0.0,0.0,0.0,0.018,c,"(None,)","(None,)","(None,)","(None,)","(None,)","(None,)"
54,76,76,0.0,0.0,0.018,0.0,0.0,0.0,0.0,0.0,0.018,c,"(None,)","(None,)","(None,)","(None,)","(None,)","(None,)"
55,77,77,0.0,0.0,0.018,0.0,0.0,0.0,0.0,0.0,0.018,c,"(None,)","(None,)","(None,)","(None,)","(None,)","(None,)"
56,78,78,0.04725,0.0315,0.0315,0.0,0.0,0.0,0.04725,0.0315,0.0315,abc,"(None, None, None)","(None, None, None)","(None, None, None)","(None, None, None)","(None, None, None)","(None, None, None)"
57,79,79,0.0,0.018,0.0,0.0,0.0,0.0,0.0,0.018,0.0,b,"(None,)","(None,)","(None,)","(None,)","(None,)","(None,)"
59,81,81,0.018,0.0,0.0,0.0,0.0,0.0,0.018,0.0,0.0,a,"(None,)","(None,)","(None,)","(None,)","(None,)","(None,)"
60,82,82,0.0,0.018,0.0,0.0,0.0,0.0,0.0,0.018,0.0,b,"(None,)","(None,)","(None,)","(None,)","(None,)","(None,)"
62,84,84,0.018,0.0,0.0,0.0,0.0,0.0,0.018,0.0,0.0,a,"(None,)","(None,)","(None,)","(None,)","(None,)","(None,)"
79,24,24,0.0,0.018,0.0,0.0,0.0,0.0,0.0,0.018,0.0,b,"(None,)","(None,)","(None,)","(None,)","(None,)","(None,)"
84,35,35,0.018,0.0,0.0,0.0,0.0,0.0,0.018,0.0,0.0,a,"(None,)","(None,)","(None,)","(None,)","(None,)","(None,)"
87,30,30,0.018,0.0,0.0,0.0,0.0,0.0,0.018,0.0,0.0,a,"(None,)","(None,)","(None,)","(None,)","(None,)","(None,)"
88,31,31,0.018,0.0,0.0,0.0,0.0,0.0,0.018,0.0,0.0,a,"(None,)","(None,)","(None,)","(None,)","(None,)","(None,)"
89,32,32,0.0,0.0,0.018,0.0,0.0,0.0,0.0,0.0,0.018,c,"(None,)","(None,)","(None,)","(None,)","(None,)","(None,)"
91,26,26,0.0,0.0,0.018,0.0,0.0,0.0,0.0,0.0,0.018,c,"(None,)","(None,)","(None,)","(None,)","(None,)","(None,)"
93,37,37,0.018,0.0,0.0,0.0,0.0,0.0,0.018,0.0,0.0,a,"(None,)","(None,)","(None,)","(None,)","(None,)","(None,)"
95,39,39,0.018,0.0,0.0,0.0,0.0,0.0,0.018,0.0,0.0,a,"(None,)","(None,)","(None,)","(None,)","(None,)","(None,)"
96,40,40,0.0,0.018,0.0,0.0,0.0,0.0,0.0,0.018,0.0,b,"(None,)","(None,)","(None,)","(None,)","(None,)","(None,)"
103,49,49,0.01575,0.01575,0.01575,0.0,0.0,0.0,0.01575,0.01575,0.01575,abc,"(None, None, None)","(None, None, None)","(None, None, None)","(None, None, None)","(None, None, None)","(None, None, None)"
104,51,51,0.01575,0.0315,0.01575,0.0,0.0,0.0,0.01575,0.0315,0.01575,abc,"(None, None, None)","(None, None, None)","(None, None, None)","(None, None, None)","(None, None, None)","(None, None, None)"
105,52,52,0.0,0.0,0.018,0.0,0.0,0.0,0.0,0.0,0.018,c,"(None,)","(None,)","(None,)","(None,)","(None,)","(None,)"
108,50,50,0.0315,0.0315,0.0315,0.0,0.0,0.0,0.0315,0.0315,0.0315,abc,"(None, None, None)","(None, None, None)","(None, None, None)","(None, None, None)","(None, None, None)","(None, None, None)"
109,45,45,0.0,0.018,0.0,0.0,0.0,0.0,0.0,0.018,0.0,b,"(None,)","(None,)","(None,)","(None,)","(None,)","(None,)"
111,21,21,0.018,0.0,0.0,0.0,0.0,0.0,0.018,0.0,0.0,a,"(None,)","(None,)","(None,)","(None,)","(None,)","(None,)"
112,22,22,0.018,0.0,0.0,0.0,0.0,0.0,0.018,0.0,0.0,a,"(None,)","(None,)","(None,)","(None,)","(None,)","(None,)"
113,36,36,0.0,0.0,0.018,0.0,0.0,0.0,0.0,0.0,0.018,c,"(None,)","(None,)","(None,)","(None,)","(None,)","(None,)"
116,18,18,0.0,0.0,0.018,0.0,0.0,0.0,0.0,0.0,0.018,c,"(None,)","(None,)","(None,)","(None,)","(None,)","(None,)"
118,11,11,0.018,0.0,0.0,0.0,0.0,0.0,0.018,0.0,0.0,a,"(None,)","(None,)","(None,)","(None,)","(None,)","(None,)"
121,13,13,0.018,0.0,0.0,0.0,0.0,0.0,0.018,0.0,0.0,a,"(None,)","(None,)","(None,)","(None,)","(None,)","(None,)"
124,8,8,0.0,0.0,0.018,0.0,0.0,0.0,0.0,0.0,0.018,c,"(None,)","(None,)","(None,)","(None,)","(None,)","(None,)"
125,6,6,0.0,0.0,0.018,0.0,0.0,0.0,0.0,0.0,0.018,c,"(None,)","(None,)","(None,)","(None,)","(None,)","(None,)"
