id,name,Pb_max_c,hmax_c,bmin_c,bmax_c,nc_c,nd_c,Pb_max_a,hmax_a,bmin_a,bmax_a,nc_a,nd_a,Pb_max_b,hmax_b,bmin_b,bmax_b,nc_b,nd_b,phases
23,l3048230,0.0045765,0.0045765,0.0027459000000000003,0.00869535,0.95,0.95,0.0,0.0,0.0,0.0,0.0,0.0,0.0,0.0,0.0,0.0,0.0,0.0,c
24,l2991943,0.0045765,0.0045765,0.0027459000000000003,0.00869535,0.95,0.95,0.0,0.0,0.0,0.0,0.0,0.0,0.0,0.0,0.0,0.0,0.0,0.0,c
26,l2991921,0.0045765,0.0045765,0.0027459000000000003,0.00869535,0.95,0.95,0.0,0.0,0.0,0.0,0.0,0.0,0.0,0.0,0.0,0.0,0.0,0.0,c
28,l2841637,0.0059264999999999995,0.0059264999999999995,0.0035559,0.011260349999999999,0.95,0.95,0.0,0.0,0.0,0.0,0.0,0.0,0.0,0.0,0.0,0.0,0.0,0.0,c
29,l3254205,0.0045765,0.0045765,0.0027459000000000003,0.00869535,0.95,0.95,0.0,0.0,0.0,0.0,0.0,0.0,0.0,0.0,0.0,0.0,0.0,0.0,c
30,l3254238,0.0,0.0,0.0,0.0,0.0,0.0,0.0,0.0,0.0,0.0,0.0,0.0,0.0043785,0.0043785,0.0026271,0.008319149999999999,0.95,0.95,b
31,l2673346,0.0045765,0.0045765,0.0027459000000000003,0.00869535,0.95,0.95,0.0,0.0,0.0,0.0,0.0,0.0,0.0,0.0,0.0,0.0,0.0,0.0,c
42,l3010569,0.0,0.0,0.0,0.0,0.0,0.0,0.005985000000000001,0.005985000000000001,0.003591,0.0113715,0.95,0.95,0.0,0.0,0.0,0.0,0.0,0.0,a
54,l3216370,0.0026265,0.0026265,0.0015759,0.00499035,0.95,0.95,0.0026265,0.0026265,0.0015759,0.00499035,0.95,0.95,0.0026265,0.0026265,0.0015759,0.00499035,0.95,0.95,abc
60,l2897780,0.0,0.0,0.0,0.0,0.0,0.0,0.0,0.0,0.0,0.0,0.0,0.0,0.0043785,0.0043785,0.0026271,0.008319149999999999,0.95,0.95,b
71,l2860491,0.0,0.0,0.0,0.0,0.0,0.0,0.0047565,0.0047565,0.0028539,0.00903735,0.95,0.95,0.0047565,0.0047565,0.0028539,0.00903735,0.95,0.95,ab
78,l2991923,0.0,0.0,0.0,0.0,0.0,0.0,0.0053415,0.0053415,0.0032048999999999997,0.01014885,0.95,0.95,0.0,0.0,0.0,0.0,0.0,0.0,a
80,l3104134,0.0045765,0.0045765,0.0027459000000000003,0.00869535,0.95,0.95,0.0,0.0,0.0,0.0,0.0,0.0,0.0,0.0,0.0,0.0,0.0,0.0,c
81,l2860490,0.0,0.0,0.0,0.0,0.0,0.0,0.0053415,0.0053415,0.0032048999999999997,0.01014885,0.95,0.95,0.0,0.0,0.0,0.0,0.0,0.0,a
96,l2766718,0.006867,0.006867,0.004120199999999999,0.0130473,0.95,0.95,0.0,0.0,0.0,0.0,0.0,0.0,0.0,0.0,0.0,0.0,0.0,0.0,c
109,l2691951,0.0045765,0.0045765,0.0027459000000000003,0.00869535,0.95,0.95,0.0,0.0,0.0,0.0,0.0,0.0,0.0,0.0,0.0,0.0,0.0,0.0,c
124,l3235266,0.0059264999999999995,0.0059264999999999995,0.0035559,0.011260349999999999,0.95,0.95,0.0,0.0,0.0,0.0,0.0,0.0,0.0,0.0,0.0,0.0,0.0,0.0,c
135,l2897776,0.0045765,0.0045765,0.0027459000000000003,0.00869535,0.95,0.95,0.0,0.0,0.0,0.0,0.0,0.0,0.0,0.0,0.0,0.0,0.0,0.0,c
137,l3122819,0.006867,0.006867,0.004120199999999999,0.0130473,0.95,0.95,0.0,0.0,0.0,0.0,0.0,0.0,0.0,0.0,0.0,0.0,0.0,0.0,c
145,l3232301,0.0,0.0,0.0,0.0,0.0,0.0,0.013734,0.013734,0.008240399999999998,0.0260946,0.95,0.95,0.0,0.0,0.0,0.0,0.0,0.0,a
147,l2763811,0.0,0.0,0.0,0.0,0.0,0.0,0.013734,0.013734,0.008240399999999998,0.0260946,0.95,0.95,0.0,0.0,0.0,0.0,0.0,0.0,a
148,l2763812,0.0,0.0,0.0,0.0,0.0,0.0,0.013734,0.013734,0.008240399999999998,0.0260946,0.95,0.95,0.0,0.0,0.0,0.0,0.0,0.0,a
149,l2951995,0.0,0.0,0.0,0.0,0.0,0.0,0.013734,0.013734,0.008240399999999998,0.0260946,0.95,0.95,0.0,0.0,0.0,0.0,0.0,0.0,a
150,l3101194,0.0,0.0,0.0,0.0,0.0,0.0,0.015084000000000002,0.015084000000000002,0.0090504,0.028659599999999997,0.95,0.95,0.0,0.0,0.0,0.0,0.0,0.0,a
151,l2862616,0.0,0.0,0.0,0.0,0.0,0.0,0.013734,0.013734,0.008240399999999998,0.0260946,0.95,0.95,0.0,0.0,0.0,0.0,0.0,0.0,a
154,l2970258,0.0,0.0,0.0,0.0,0.0,0.0,0.006867,0.006867,0.004120199999999999,0.0130473,0.95,0.95,0.0,0.0,0.0,0.0,0.0,0.0,a
162,l3125349,0.0045765,0.0045765,0.0027459000000000003,0.00869535,0.95,0.95,0.0,0.0,0.0,0.0,0.0,0.0,0.0,0.0,0.0,0.0,0.0,0.0,c
170,l3085391,0.0,0.0,0.0,0.0,0.0,0.0,0.0,0.0,0.0,0.0,0.0,0.0,0.0087525,0.0087525,0.005251499999999999,0.01662975,0.95,0.95,b
176,l3197636,0.0,0.0,0.0,0.0,0.0,0.0,0.0,0.0,0.0,0.0,0.0,0.0,0.0057285,0.0057285,0.0034371000000000002,0.01088415,0.95,0.95,b
178,l3104127,0.0,0.0,0.0,0.0,0.0,0.0,0.0,0.0,0.0,0.0,0.0,0.0,0.0043785,0.0043785,0.0026271,0.008319149999999999,0.95,0.95,b
179,l2691949,0.0,0.0,0.0,0.0,0.0,0.0,0.0,0.0,0.0,0.0,0.0,0.0,0.0043785,0.0043785,0.0026271,0.008319149999999999,0.95,0.95,b
181,l3235252,0.0,0.0,0.0,0.0,0.0,0.0,0.0,0.0,0.0,0.0,0.0,0.0,0.0057285,0.0057285,0.0034371000000000002,0.01088415,0.95,0.95,b
193,l2954349,0.0,0.0,0.0,0.0,0.0,0.0,0.0,0.0,0.0,0.0,0.0,0.0,0.0043785,0.0043785,0.0026271,0.008319149999999999,0.95,0.95,b
194,l2766722,0.0,0.0,0.0,0.0,0.0,0.0,0.0,0.0,0.0,0.0,0.0,0.0,0.0043785,0.0043785,0.0026271,0.008319149999999999,0.95,0.95,b
195,l2879071,0.0,0.0,0.0,0.0,0.0,0.0,0.0,0.0,0.0,0.0,0.0,0.0,0.0043785,0.0043785,0.0026271,0.008319149999999999,0.95,0.95,b
196,l3029504,0.0,0.0,0.0,0.0,0.0,0.0,0.0,0.0,0.0,0.0,0.0,0.0,0.0043785,0.0043785,0.0026271,0.008319149999999999,0.95,0.95,b
197,l3046854,0.0,0.0,0.0,0.0,0.0,0.0,0.0,0.0,0.0,0.0,0.0,0.0,0.0065655,0.0065655,0.0039393,0.01247445,0.95,0.95,b
200,l2913406,0.0,0.0,0.0,0.0,0.0,0.0,0.0,0.0,0.0,0.0,0.0,0.0,0.0065655,0.0065655,0.0039393,0.01247445,0.95,0.95,b
201,l2785547,0.0,0.0,0.0,0.0,0.0,0.0,0.0,0.0,0.0,0.0,0.0,0.0,0.0043785,0.0043785,0.0026271,0.008319149999999999,0.95,0.95,b
203,l3139086,0.0,0.0,0.0,0.0,0.0,0.0,0.0,0.0,0.0,0.0,0.0,0.0,0.0043785,0.0043785,0.0026271,0.008319149999999999,0.95,0.95,b
205,l2710546,0.0,0.0,0.0,0.0,0.0,0.0,0.0,0.0,0.0,0.0,0.0,0.0,0.0080716,0.0080716,0.00484293,0.015335944999999998,0.95,0.95,b
207,l3254214,0.0,0.0,0.0,0.0,0.0,0.0,0.0,0.0,0.0,0.0,0.0,0.0,0.0043785,0.0043785,0.0026271,0.008319149999999999,0.95,0.95,b
209,l3160104,0.0,0.0,0.0,0.0,0.0,0.0,0.0,0.0,0.0,0.0,0.0,0.0,0.0043785,0.0043785,0.0026271,0.008319149999999999,0.95,0.95,b
211,l2973180,0.0,0.0,0.0,0.0,0.0,0.0,0.0,0.0,0.0,0.0,0.0,0.0,0.0057285,0.0057285,0.0034371000000000002,0.01088415,0.95,0.95,b
220,l2991915,0.0,0.0,0.0,0.0,0.0,0.0,0.0,0.0,0.0,0.0,0.0,0.0,0.0043785,0.0043785,0.0026271,0.008319149999999999,0.95,0.95,b
221,l2673320,0.0,0.0,0.0,0.0,0.0,0.0,0.0,0.0,0.0,0.0,0.0,0.0,0.0043785,0.0043785,0.0026271,0.008319149999999999,0.95,0.95,b
222,l3048209,0.0,0.0,0.0,0.0,0.0,0.0,0.0,0.0,0.0,0.0,0.0,0.0,0.0057285,0.0057285,0.0034371000000000002,0.01088415,0.95,0.95,b
223,l2841634,0.0,0.0,0.0,0.0,0.0,0.0,0.0,0.0,0.0,0.0,0.0,0.0,0.0065655,0.0065655,0.0039393,0.01247445,0.95,0.95,b
224,l2991916,0.0,0.0,0.0,0.0,0.0,0.0,0.0,0.0,0.0,0.0,0.0,0.0,0.0057285,0.0057285,0.0034371000000000002,0.01088415,0.95,0.95,b
227,l2804258,0.0,0.0,0.0,0.0,0.0,0.0,0.0,0.0,0.0,0.0,0.0,0.0,0.0057285,0.0057285,0.0034371000000000002,0.01088415,0.95,0.95,b
231,l2822877,0.0,0.0,0.0,0.0,0.0,0.0,0.0,0.0,0.0,0.0,0.0,0.0,0.0060649,0.0060649,0.0036389099999999995,0.011523214999999998,0.95,0.95,b
233,l2766741,0.0,0.0,0.0,0.0,0.0,0.0,0.0053415,0.0053415,0.0032048999999999997,0.01014885,0.95,0.95,0.0,0.0,0.0,0.0,0.0,0.0,a
241,l2935549,0.0,0.0,0.0,0.0,0.0,0.0,0.0,0.0,0.0,0.0,0.0,0.0,0.0065655,0.0065655,0.0039393,0.01247445,0.95,0.95,b
249,l3029518,0.0,0.0,0.0,0.0,0.0,0.0,0.0,0.0,0.0,0.0,0.0,0.0,0.0043785,0.0043785,0.0026271,0.008319149999999999,0.95,0.95,b
253,l2766749,0.0,0.0,0.0,0.0,0.0,0.0,0.0,0.0,0.0,0.0,0.0,0.0,0.0043785,0.0043785,0.0026271,0.008319149999999999,0.95,0.95,b
258,l2710543,0.0045765,0.0045765,0.0027459000000000003,0.00869535,0.95,0.95,0.0,0.0,0.0,0.0,0.0,0.0,0.0,0.0,0.0,0.0,0.0,0.0,c
260,l3066810,0.0045765,0.0045765,0.0027459000000000003,0.00869535,0.95,0.95,0.0,0.0,0.0,0.0,0.0,0.0,0.0,0.0,0.0,0.0,0.0,0.0,c
261,l2897769,0.0059264999999999995,0.0059264999999999995,0.0035559,0.011260349999999999,0.95,0.95,0.0,0.0,0.0,0.0,0.0,0.0,0.0,0.0,0.0,0.0,0.0,0.0,c
262,l3778577,0.0045765,0.0045765,0.0027459000000000003,0.00869535,0.95,0.95,0.0,0.0,0.0,0.0,0.0,0.0,0.0,0.0,0.0,0.0,0.0,0.0,c
263,l3141395,0.0045765,0.0045765,0.0027459000000000003,0.00869535,0.95,0.95,0.0,0.0,0.0,0.0,0.0,0.0,0.0,0.0,0.0,0.0,0.0,0.0,c
264,l2925506,0.0045765,0.0045765,0.0027459000000000003,0.00869535,0.95,0.95,0.0,0.0,0.0,0.0,0.0,0.0,0.0,0.0,0.0,0.0,0.0,0.0,c
271,l3104155,0.0045765,0.0045765,0.0027459000000000003,0.00869535,0.95,0.95,0.0,0.0,0.0,0.0,0.0,0.0,0.0,0.0,0.0,0.0,0.0,0.0,c
272,l3104154,0.006867,0.006867,0.004120199999999999,0.0130473,0.95,0.95,0.0,0.0,0.0,0.0,0.0,0.0,0.0,0.0,0.0,0.0,0.0,0.0,c
295,l3122812,0.0,0.0,0.0,0.0,0.0,0.0,0.0,0.0,0.0,0.0,0.0,0.0,0.0065655,0.0065655,0.0039393,0.01247445,0.95,0.95,b
296,l2991905,0.0,0.0,0.0,0.0,0.0,0.0,0.005985000000000001,0.005985000000000001,0.003591,0.0113715,0.95,0.95,0.0,0.0,0.0,0.0,0.0,0.0,a
302,l2897801,0.0,0.0,0.0,0.0,0.0,0.0,0.005985000000000001,0.005985000000000001,0.003591,0.0113715,0.95,0.95,0.0,0.0,0.0,0.0,0.0,0.0,a
305,l2785514,0.0,0.0,0.0,0.0,0.0,0.0,0.0053415,0.0053415,0.0032048999999999997,0.01014885,0.95,0.95,0.0,0.0,0.0,0.0,0.0,0.0,a
310,l2785513,0.0,0.0,0.0,0.0,0.0,0.0,0.0053415,0.0053415,0.0032048999999999997,0.01014885,0.95,0.95,0.0,0.0,0.0,0.0,0.0,0.0,a
320,l3235243,0.0045765,0.0045765,0.0027459000000000003,0.00869535,0.95,0.95,0.0,0.0,0.0,0.0,0.0,0.0,0.0,0.0,0.0,0.0,0.0,0.0,c
327,l2803194,0.008217,0.008217,0.0049302,0.015612299999999997,0.95,0.95,0.0,0.0,0.0,0.0,0.0,0.0,0.0,0.0,0.0,0.0,0.0,0.0,c
328,l3047073,0.0045765,0.0045765,0.0027459000000000003,0.00869535,0.95,0.95,0.0,0.0,0.0,0.0,0.0,0.0,0.0,0.0,0.0,0.0,0.0,0.0,c
330,l2690868,0.009153,0.009153,0.005491800000000001,0.0173907,0.95,0.95,0.0,0.0,0.0,0.0,0.0,0.0,0.0,0.0,0.0,0.0,0.0,0.0,c
336,l2821770,0.0,0.0,0.0,0.0,0.0,0.0,0.005985000000000001,0.005985000000000001,0.003591,0.0113715,0.95,0.95,0.0,0.0,0.0,0.0,0.0,0.0,a
339,l2915534,0.0,0.0,0.0,0.0,0.0,0.0,0.005985000000000001,0.005985000000000001,0.003591,0.0113715,0.95,0.95,0.0,0.0,0.0,0.0,0.0,0.0,a
344,l3141399,0.0,0.0,0.0,0.0,0.0,0.0,0.006867,0.006867,0.004120199999999999,0.0130473,0.95,0.95,0.0,0.0,0.0,0.0,0.0,0.0,a
346,l3085400,0.0,0.0,0.0,0.0,0.0,0.0,0.0045765,0.0045765,0.0027459000000000003,0.00869535,0.95,0.95,0.0,0.0,0.0,0.0,0.0,0.0,a
354,l3235251,0.0,0.0,0.0,0.0,0.0,0.0,0.0044615,0.0044615,0.0026769,0.00847685,0.95,0.95,0.0,0.0,0.0,0.0,0.0,0.0,a
355,l2691945,0.0045765,0.0045765,0.0027459000000000003,0.00869535,0.95,0.95,0.0,0.0,0.0,0.0,0.0,0.0,0.0,0.0,0.0,0.0,0.0,0.0,c
359,l2897775,0.0045765,0.0045765,0.0027459000000000003,0.00869535,0.95,0.95,0.0,0.0,0.0,0.0,0.0,0.0,0.0,0.0,0.0,0.0,0.0,0.0,c
361,l2691950,0.0045765,0.0045765,0.0027459000000000003,0.00869535,0.95,0.95,0.0,0.0,0.0,0.0,0.0,0.0,0.0,0.0,0.0,0.0,0.0,0.0,c
362,l2916609,0.0045449999999999996,0.0045449999999999996,0.002727,0.008635499999999999,0.95,0.95,0.0,0.0,0.0,0.0,0.0,0.0,0.0,0.0,0.0,0.0,0.0,0.0,c
367,l3263051,0.0045765,0.0045765,0.0027459000000000003,0.00869535,0.95,0.95,0.0,0.0,0.0,0.0,0.0,0.0,0.0,0.0,0.0,0.0,0.0,0.0,c
369,l2785525,0.0045765,0.0045765,0.0027459000000000003,0.00869535,0.95,0.95,0.0,0.0,0.0,0.0,0.0,0.0,0.0,0.0,0.0,0.0,0.0,0.0,c
374,l2841629,0.006867,0.006867,0.004120199999999999,0.0130473,0.95,0.95,0.0,0.0,0.0,0.0,0.0,0.0,0.0,0.0,0.0,0.0,0.0,0.0,c
386,l2973144,0.0045765,0.0045765,0.0027459000000000003,0.00869535,0.95,0.95,0.0,0.0,0.0,0.0,0.0,0.0,0.0,0.0,0.0,0.0,0.0,0.0,c
387,l2724120,0.0045765,0.0045765,0.0027459000000000003,0.00869535,0.95,0.95,0.0,0.0,0.0,0.0,0.0,0.0,0.0,0.0,0.0,0.0,0.0,0.0,c
390,l2673309,0.0059264999999999995,0.0059264999999999995,0.0035559,0.011260349999999999,0.95,0.95,0.0,0.0,0.0,0.0,0.0,0.0,0.0,0.0,0.0,0.0,0.0,0.0,c
393,l2841630,0.0045765,0.0045765,0.0027459000000000003,0.00869535,0.95,0.95,0.0,0.0,0.0,0.0,0.0,0.0,0.0,0.0,0.0,0.0,0.0,0.0,c
394,l2954352,0.0045765,0.0045765,0.0027459000000000003,0.00869535,0.95,0.95,0.0,0.0,0.0,0.0,0.0,0.0,0.0,0.0,0.0,0.0,0.0,0.0,c
406,l3029502,0.0,0.0,0.0,0.0,0.0,0.0,0.007983,0.007983,0.0047897999999999994,0.015167699999999998,0.95,0.95,0.0,0.0,0.0,0.0,0.0,0.0,a
408,l3104125,0.0,0.0,0.0,0.0,0.0,0.0,0.0,0.0,0.0,0.0,0.0,0.0,0.0061785,0.0061785,0.0037070999999999996,0.011739149999999999,0.95,0.95,b
413,l3047289,0.0086295,0.0086295,0.0051776999999999995,0.01639605,0.95,0.95,0.0086295,0.0086295,0.0051776999999999995,0.01639605,0.95,0.95,0.0086295,0.0086295,0.0051776999999999995,0.01639605,0.95,0.95,abc
414,l3215385,0.0076514999999999994,0.0076514999999999994,0.004590899999999999,0.014537849999999998,0.95,0.95,0.0076514999999999994,0.0076514999999999994,0.004590899999999999,0.014537849999999998,0.95,0.95,0.0076514999999999994,0.0076514999999999994,0.004590899999999999,0.014537849999999998,0.95,0.95,abc
423,l2936279,0.0045765,0.0045765,0.0027459000000000003,0.00869535,0.95,0.95,0.0,0.0,0.0,0.0,0.0,0.0,0.0,0.0,0.0,0.0,0.0,0.0,c
430,l2711234,0.0,0.0,0.0,0.0,0.0,0.0,0.0,0.0,0.0,0.0,0.0,0.0,0.0043785,0.0043785,0.0026271,0.008319149999999999,0.95,0.95,b
436,l3198358,0.0,0.0,0.0,0.0,0.0,0.0,0.0,0.0,0.0,0.0,0.0,0.0,0.0065655,0.0065655,0.0039393,0.01247445,0.95,0.95,b
468,l2804250,0.0045765,0.0045765,0.0027459000000000003,0.00869535,0.95,0.95,0.0,0.0,0.0,0.0,0.0,0.0,0.0,0.0,0.0,0.0,0.0,0.0,c
481,l3048968,0.006867,0.006867,0.004120199999999999,0.0130473,0.95,0.95,0.0,0.0,0.0,0.0,0.0,0.0,0.0,0.0,0.0,0.0,0.0,0.0,c
483,l3048205,0.0045765,0.0045765,0.0027459000000000003,0.00869535,0.95,0.95,0.0,0.0,0.0,0.0,0.0,0.0,0.0,0.0,0.0,0.0,0.0,0.0,c
494,l2748128,0.0045765,0.0045765,0.0027459000000000003,0.00869535,0.95,0.95,0.0,0.0,0.0,0.0,0.0,0.0,0.0,0.0,0.0,0.0,0.0,0.0,c
499,l3216343,0.0059264999999999995,0.0059264999999999995,0.0035559,0.011260349999999999,0.95,0.95,0.0,0.0,0.0,0.0,0.0,0.0,0.0,0.0,0.0,0.0,0.0,0.0,c
502,l3085393,0.0059264999999999995,0.0059264999999999995,0.0035559,0.011260349999999999,0.95,0.95,0.0,0.0,0.0,0.0,0.0,0.0,0.0,0.0,0.0,0.0,0.0,0.0,c
503,l2897770,0.0045765,0.0045765,0.0027459000000000003,0.00869535,0.95,0.95,0.0,0.0,0.0,0.0,0.0,0.0,0.0,0.0,0.0,0.0,0.0,0.0,c
504,l3197627,0.0045765,0.0045765,0.0027459000000000003,0.00869535,0.95,0.95,0.0,0.0,0.0,0.0,0.0,0.0,0.0,0.0,0.0,0.0,0.0,0.0,c
505,l2935550,0.0045765,0.0045765,0.0027459000000000003,0.00869535,0.95,0.95,0.0,0.0,0.0,0.0,0.0,0.0,0.0,0.0,0.0,0.0,0.0,0.0,c
511,l2897766,0.0045765,0.0045765,0.0027459000000000003,0.00869535,0.95,0.95,0.0,0.0,0.0,0.0,0.0,0.0,0.0,0.0,0.0,0.0,0.0,0.0,c
512,l3048228,0.0045765,0.0045765,0.0027459000000000003,0.00869535,0.95,0.95,0.0,0.0,0.0,0.0,0.0,0.0,0.0,0.0,0.0,0.0,0.0,0.0,c
518,l3045895,0.0045765,0.0045765,0.0027459000000000003,0.00869535,0.95,0.95,0.0,0.0,0.0,0.0,0.0,0.0,0.0,0.0,0.0,0.0,0.0,0.0,c
523,l2875754,0.009153,0.009153,0.005491800000000001,0.0173907,0.95,0.95,0.0,0.0,0.0,0.0,0.0,0.0,0.0,0.0,0.0,0.0,0.0,0.0,c
528,l2786274,0.0045765,0.0045765,0.0027459000000000003,0.00869535,0.95,0.95,0.0,0.0,0.0,0.0,0.0,0.0,0.0,0.0,0.0,0.0,0.0,0.0,c
537,l2766721,0.0,0.0,0.0,0.0,0.0,0.0,0.0067196999999999995,0.0067196999999999995,0.004031819999999999,0.01276743,0.95,0.95,0.0,0.0,0.0,0.0,0.0,0.0,a
544,l2841628,0.0,0.0,0.0,0.0,0.0,0.0,0.0053415,0.0053415,0.0032048999999999997,0.01014885,0.95,0.95,0.0,0.0,0.0,0.0,0.0,0.0,a
576,l2729405,0.0,0.0,0.0,0.0,0.0,0.0,0.0,0.0,0.0,0.0,0.0,0.0,0.0043785,0.0043785,0.0026271,0.008319149999999999,0.95,0.95,b
578,l2786273,0.0,0.0,0.0,0.0,0.0,0.0,0.0,0.0,0.0,0.0,0.0,0.0,0.0043785,0.0043785,0.0026271,0.008319149999999999,0.95,0.95,b
580,l3179699,0.0,0.0,0.0,0.0,0.0,0.0,0.0,0.0,0.0,0.0,0.0,0.0,0.0065655,0.0065655,0.0039393,0.01247445,0.95,0.95,b
599,l2748129,0.0,0.0,0.0,0.0,0.0,0.0,0.007335,0.007335,0.0044009999999999995,0.0139365,0.95,0.95,0.0,0.0,0.0,0.0,0.0,0.0,a
600,l2785519,0.0,0.0,0.0,0.0,0.0,0.0,0.0057915,0.0057915,0.0034749,0.011003849999999999,0.95,0.95,0.0,0.0,0.0,0.0,0.0,0.0,a
601,l3104122,0.0,0.0,0.0,0.0,0.0,0.0,0.0057915,0.0057915,0.0034749,0.011003849999999999,0.95,0.95,0.0,0.0,0.0,0.0,0.0,0.0,a
608,l3197628,0.0045765,0.0045765,0.0027459000000000003,0.00869535,0.95,0.95,0.0,0.0,0.0,0.0,0.0,0.0,0.0,0.0,0.0,0.0,0.0,0.0,c
619,l2710521,0.0,0.0,0.0,0.0,0.0,0.0,0.0053415,0.0053415,0.0032048999999999997,0.01014885,0.95,0.95,0.0,0.0,0.0,0.0,0.0,0.0,a
622,l3066818,0.0,0.0,0.0,0.0,0.0,0.0,0.0,0.0,0.0,0.0,0.0,0.0,0.0057285,0.0057285,0.0034371000000000002,0.01088415,0.95,0.95,b
624,l3178981,0.0,0.0,0.0,0.0,0.0,0.0,0.0,0.0,0.0,0.0,0.0,0.0,0.0043785,0.0043785,0.0026271,0.008319149999999999,0.95,0.95,b
626,l2748130,0.0,0.0,0.0,0.0,0.0,0.0,0.0,0.0,0.0,0.0,0.0,0.0,0.0057285,0.0057285,0.0034371000000000002,0.01088415,0.95,0.95,b
627,l3254212,0.0,0.0,0.0,0.0,0.0,0.0,0.0,0.0,0.0,0.0,0.0,0.0,0.0065655,0.0065655,0.0039393,0.01247445,0.95,0.95,b
652,l2897784,0.0,0.0,0.0,0.0,0.0,0.0,0.0,0.0,0.0,0.0,0.0,0.0,0.0065655,0.0065655,0.0039393,0.01247445,0.95,0.95,b
654,l2691959,0.0,0.0,0.0,0.0,0.0,0.0,0.0,0.0,0.0,0.0,0.0,0.0,0.017505,0.017505,0.010502999999999998,0.0332595,0.95,0.95,b
656,l3048231,0.0,0.0,0.0,0.0,0.0,0.0,0.0,0.0,0.0,0.0,0.0,0.0,0.0087525,0.0087525,0.005251499999999999,0.01662975,0.95,0.95,b
664,l2729407,0.0,0.0,0.0,0.0,0.0,0.0,0.0,0.0,0.0,0.0,0.0,0.0,0.0049069000000000005,0.0049069000000000005,0.00294414,0.009323109999999999,0.95,0.95,b
665,l3254211,0.0,0.0,0.0,0.0,0.0,0.0,0.0,0.0,0.0,0.0,0.0,0.0,0.0043785,0.0043785,0.0026271,0.008319149999999999,0.95,0.95,b
671,l2916625,0.0,0.0,0.0,0.0,0.0,0.0,0.0,0.0,0.0,0.0,0.0,0.0,0.0065655,0.0065655,0.0039393,0.01247445,0.95,0.95,b
672,l3139598,0.0,0.0,0.0,0.0,0.0,0.0,0.0,0.0,0.0,0.0,0.0,0.0,0.0065655,0.0065655,0.0039393,0.01247445,0.95,0.95,b
673,l3254219,0.0045765,0.0045765,0.0027459000000000003,0.00869535,0.95,0.95,0.0,0.0,0.0,0.0,0.0,0.0,0.0,0.0,0.0,0.0,0.0,0.0,c
674,l3254220,0.0045765,0.0045765,0.0027459000000000003,0.00869535,0.95,0.95,0.0,0.0,0.0,0.0,0.0,0.0,0.0,0.0,0.0,0.0,0.0,0.0,c
686,293471,0.004765500000000001,0.004765500000000001,0.0028593000000000004,0.00905445,0.95,0.95,0.004765500000000001,0.004765500000000001,0.0028593000000000004,0.00905445,0.95,0.95,0.004765500000000001,0.004765500000000001,0.0028593000000000004,0.00905445,0.95,0.95,abc
692,l2766750,0.006867,0.006867,0.004120199999999999,0.0130473,0.95,0.95,0.0,0.0,0.0,0.0,0.0,0.0,0.0,0.0,0.0,0.0,0.0,0.0,c
693,l2691954,0.0,0.0,0.0,0.0,0.0,0.0,0.0,0.0,0.0,0.0,0.0,0.0,0.0043785,0.0043785,0.0026271,0.008319149999999999,0.95,0.95,b
698,l2897779,0.0045765,0.0045765,0.0027459000000000003,0.00869535,0.95,0.95,0.0,0.0,0.0,0.0,0.0,0.0,0.0,0.0,0.0,0.0,0.0,0.0,c
703,l3235275,0.0,0.0,0.0,0.0,0.0,0.0,0.0,0.0,0.0,0.0,0.0,0.0,0.0043785,0.0043785,0.0026271,0.008319149999999999,0.95,0.95,b
719,l3048210,0.0,0.0,0.0,0.0,0.0,0.0,0.005985000000000001,0.005985000000000001,0.003591,0.0113715,0.95,0.95,0.0,0.0,0.0,0.0,0.0,0.0,a
725,l3085402,0.0,0.0,0.0,0.0,0.0,0.0,0.005985000000000001,0.005985000000000001,0.003591,0.0113715,0.95,0.95,0.0,0.0,0.0,0.0,0.0,0.0,a
728,l2804252,0.0,0.0,0.0,0.0,0.0,0.0,0.0053415,0.0053415,0.0032048999999999997,0.01014885,0.95,0.95,0.0,0.0,0.0,0.0,0.0,0.0,a
731,l3048214,0.0,0.0,0.0,0.0,0.0,0.0,0.0053415,0.0053415,0.0032048999999999997,0.01014885,0.95,0.95,0.0,0.0,0.0,0.0,0.0,0.0,a
733,l3122825,0.0,0.0,0.0,0.0,0.0,0.0,0.005985000000000001,0.005985000000000001,0.003591,0.0113715,0.95,0.95,0.0,0.0,0.0,0.0,0.0,0.0,a
755,l3104130,0.0,0.0,0.0,0.0,0.0,0.0,0.0,0.0,0.0,0.0,0.0,0.0,0.0043785,0.0043785,0.0026271,0.008319149999999999,0.95,0.95,b
756,l2763072,0.0,0.0,0.0,0.0,0.0,0.0,0.0,0.0,0.0,0.0,0.0,0.0,0.0043785,0.0043785,0.0026271,0.008319149999999999,0.95,0.95,b
761,l2860488,0.0,0.0,0.0,0.0,0.0,0.0,0.0,0.0,0.0,0.0,0.0,0.0,0.0057285,0.0057285,0.0034371000000000002,0.01088415,0.95,0.95,b
763,l2991918,0.0,0.0,0.0,0.0,0.0,0.0,0.0,0.0,0.0,0.0,0.0,0.0,0.0043785,0.0043785,0.0026271,0.008319149999999999,0.95,0.95,b
764,l2991902,0.0,0.0,0.0,0.0,0.0,0.0,0.0,0.0,0.0,0.0,0.0,0.0,0.0043785,0.0043785,0.0026271,0.008319149999999999,0.95,0.95,b
766,l2673300,0.0,0.0,0.0,0.0,0.0,0.0,0.0,0.0,0.0,0.0,0.0,0.0,0.0057285,0.0057285,0.0034371000000000002,0.01088415,0.95,0.95,b
768,l3141390,0.0,0.0,0.0,0.0,0.0,0.0,0.0,0.0,0.0,0.0,0.0,0.0,0.0043785,0.0043785,0.0026271,0.008319149999999999,0.95,0.95,b
771,l2822859,0.0,0.0,0.0,0.0,0.0,0.0,0.0,0.0,0.0,0.0,0.0,0.0,0.0043785,0.0043785,0.0026271,0.008319149999999999,0.95,0.95,b
772,l2710537,0.0,0.0,0.0,0.0,0.0,0.0,0.0,0.0,0.0,0.0,0.0,0.0,0.0043785,0.0043785,0.0026271,0.008319149999999999,0.95,0.95,b
774,l3085389,0.0,0.0,0.0,0.0,0.0,0.0,0.0,0.0,0.0,0.0,0.0,0.0,0.0057285,0.0057285,0.0034371000000000002,0.01088415,0.95,0.95,b
776,l2954339,0.0,0.0,0.0,0.0,0.0,0.0,0.0,0.0,0.0,0.0,0.0,0.0,0.0043785,0.0043785,0.0026271,0.008319149999999999,0.95,0.95,b
779,l3225319,0.0,0.0,0.0,0.0,0.0,0.0,0.0,0.0,0.0,0.0,0.0,0.0,0.0065655,0.0065655,0.0039393,0.01247445,0.95,0.95,b
780,l3048201,0.0,0.0,0.0,0.0,0.0,0.0,0.0,0.0,0.0,0.0,0.0,0.0,0.0057285,0.0057285,0.0034371000000000002,0.01088415,0.95,0.95,b
781,l3216339,0.0,0.0,0.0,0.0,0.0,0.0,0.0,0.0,0.0,0.0,0.0,0.0,0.0043785,0.0043785,0.0026271,0.008319149999999999,0.95,0.95,b
784,l2804247,0.0,0.0,0.0,0.0,0.0,0.0,0.0,0.0,0.0,0.0,0.0,0.0,0.0043785,0.0043785,0.0026271,0.008319149999999999,0.95,0.95,b
788,l2801895,0.0,0.0,0.0,0.0,0.0,0.0,0.0,0.0,0.0,0.0,0.0,0.0,0.0043785,0.0043785,0.0026271,0.008319149999999999,0.95,0.95,b
790,l2897764,0.0,0.0,0.0,0.0,0.0,0.0,0.0,0.0,0.0,0.0,0.0,0.0,0.0057285,0.0057285,0.0034371000000000002,0.01088415,0.95,0.95,b
791,l2804260,0.0,0.0,0.0,0.0,0.0,0.0,0.0,0.0,0.0,0.0,0.0,0.0,0.0043785,0.0043785,0.0026271,0.008319149999999999,0.95,0.95,b
792,l3197643,0.0,0.0,0.0,0.0,0.0,0.0,0.0,0.0,0.0,0.0,0.0,0.0,0.0057285,0.0057285,0.0034371000000000002,0.01088415,0.95,0.95,b
794,l3029507,0.0,0.0,0.0,0.0,0.0,0.0,0.0,0.0,0.0,0.0,0.0,0.0,0.0043785,0.0043785,0.0026271,0.008319149999999999,0.95,0.95,b
796,l3122823,0.0,0.0,0.0,0.0,0.0,0.0,0.0,0.0,0.0,0.0,0.0,0.0,0.0043785,0.0043785,0.0026271,0.008319149999999999,0.95,0.95,b
808,m2000402,0.0,0.0,0.0,0.0,0.0,0.0,0.0050609999999999995,0.0050609999999999995,0.0030366,0.0096159,0.95,0.95,0.0,0.0,0.0,0.0,0.0,0.0,a
809,m2000403,0.0,0.0,0.0,0.0,0.0,0.0,0.0056532,0.0056532,0.0033918900000000003,0.010740985,0.95,0.95,0.0,0.0,0.0,0.0,0.0,0.0,a
810,m2000404,0.0,0.0,0.0,0.0,0.0,0.0,0.0043693,0.0043693,0.0026215799999999997,0.008301669999999999,0.95,0.95,0.0,0.0,0.0,0.0,0.0,0.0,a
811,m2000405,0.0,0.0,0.0,0.0,0.0,0.0,0.0067171,0.0067171,0.00403023,0.012762395,0.95,0.95,0.0,0.0,0.0,0.0,0.0,0.0,a
812,m2000406,0.0,0.0,0.0,0.0,0.0,0.0,0.0056689999999999996,0.0056689999999999996,0.0034013699999999995,0.010771004999999998,0.95,0.95,0.0,0.0,0.0,0.0,0.0,0.0,a
813,m2000407,0.0,0.0,0.0,0.0,0.0,0.0,0.005363000000000001,0.005363000000000001,0.0032178,0.0101897,0.95,0.95,0.0,0.0,0.0,0.0,0.0,0.0,a
814,m2000408,0.0,0.0,0.0,0.0,0.0,0.0,0.0055982,0.0055982,0.0033589500000000003,0.010636675,0.95,0.95,0.0,0.0,0.0,0.0,0.0,0.0,a
815,m2000409,0.0,0.0,0.0,0.0,0.0,0.0,0.0058415,0.0058415,0.00350493,0.011098944999999999,0.95,0.95,0.0,0.0,0.0,0.0,0.0,0.0,a
816,m2000410,0.0,0.0,0.0,0.0,0.0,0.0,0.0065213,0.0065213,0.003912779999999999,0.012390469999999999,0.95,0.95,0.0,0.0,0.0,0.0,0.0,0.0,a
817,m2000411,0.0,0.0,0.0,0.0,0.0,0.0,0.0044916999999999995,0.0044916999999999995,0.00269502,0.008534229999999999,0.95,0.95,0.0,0.0,0.0,0.0,0.0,0.0,a
818,m2000412,0.0,0.0,0.0,0.0,0.0,0.0,0.0088277,0.0088277,0.00529665,0.016772725,0.95,0.95,0.0,0.0,0.0,0.0,0.0,0.0,a
819,m2000413,0.0,0.0,0.0,0.0,0.0,0.0,0.0047846,0.0047846,0.00287079,0.009090835,0.95,0.95,0.0,0.0,0.0,0.0,0.0,0.0,a
820,m2000414,0.0,0.0,0.0,0.0,0.0,0.0,0.0047646,0.0047646,0.00285873,0.009052645,0.95,0.95,0.0,0.0,0.0,0.0,0.0,0.0,a
821,m2000415,0.0,0.0,0.0,0.0,0.0,0.0,0.004848099999999999,0.004848099999999999,0.0029088599999999997,0.00921139,0.95,0.95,0.0,0.0,0.0,0.0,0.0,0.0,a
827,m2000702,0.0,0.0,0.0,0.0,0.0,0.0,0.0,0.0,0.0,0.0,0.0,0.0,0.0047357,0.0047357,0.00284142,0.008997829999999998,0.95,0.95,b
829,m2000704,0.0,0.0,0.0,0.0,0.0,0.0,0.0,0.0,0.0,0.0,0.0,0.0,0.0046009,0.0046009,0.00276057,0.008741805,0.95,0.95,b
830,m2000705,0.0,0.0,0.0,0.0,0.0,0.0,0.0,0.0,0.0,0.0,0.0,0.0,0.0043526,0.0043526,0.0026115599999999997,0.00826994,0.95,0.95,b
831,m2000706,0.0,0.0,0.0,0.0,0.0,0.0,0.0,0.0,0.0,0.0,0.0,0.0,0.0053038,0.0053038,0.00318228,0.01007722,0.95,0.95,b
832,m2000707,0.0,0.0,0.0,0.0,0.0,0.0,0.0,0.0,0.0,0.0,0.0,0.0,0.0044528,0.0044528,0.0026716799999999996,0.008460319999999999,0.95,0.95,b
833,m2000708,0.0,0.0,0.0,0.0,0.0,0.0,0.0,0.0,0.0,0.0,0.0,0.0,0.0054992999999999995,0.0054992999999999995,0.00329958,0.01044867,0.95,0.95,b
835,m2000710,0.0,0.0,0.0,0.0,0.0,0.0,0.0,0.0,0.0,0.0,0.0,0.0,0.0047034,0.0047034,0.00282204,0.00893646,0.95,0.95,b
837,m2000712,0.0,0.0,0.0,0.0,0.0,0.0,0.0,0.0,0.0,0.0,0.0,0.0,0.0050397,0.0050397,0.00302379,0.009575334999999999,0.95,0.95,b
838,m2000713,0.0,0.0,0.0,0.0,0.0,0.0,0.0,0.0,0.0,0.0,0.0,0.0,0.005750600000000001,0.005750600000000001,0.0034503600000000004,0.01092614,0.95,0.95,b
840,m2000715,0.0,0.0,0.0,0.0,0.0,0.0,0.0,0.0,0.0,0.0,0.0,0.0,0.0050609999999999995,0.0050609999999999995,0.0030366,0.0096159,0.95,0.95,b
846,m2001002,0.0,0.0,0.0,0.0,0.0,0.0,0.0,0.0,0.0,0.0,0.0,0.0,0.0050609999999999995,0.0050609999999999995,0.0030366,0.0096159,0.95,0.95,b
847,m2001003,0.0,0.0,0.0,0.0,0.0,0.0,0.0,0.0,0.0,0.0,0.0,0.0,0.0056532,0.0056532,0.0033918900000000003,0.010740985,0.95,0.95,b
848,m2001004,0.0,0.0,0.0,0.0,0.0,0.0,0.0,0.0,0.0,0.0,0.0,0.0,0.0043693,0.0043693,0.0026215799999999997,0.008301669999999999,0.95,0.95,b
849,m2001005,0.0,0.0,0.0,0.0,0.0,0.0,0.0,0.0,0.0,0.0,0.0,0.0,0.0049861,0.0049861,0.00299169,0.009473684999999999,0.95,0.95,b
850,m2001006,0.0,0.0,0.0,0.0,0.0,0.0,0.0,0.0,0.0,0.0,0.0,0.0,0.0043911,0.0043911,0.0026346599999999996,0.00834309,0.95,0.95,b
852,m2001008,0.0,0.0,0.0,0.0,0.0,0.0,0.0,0.0,0.0,0.0,0.0,0.0,0.0057233,0.0057233,0.00343395,0.010874175,0.95,0.95,b
853,m2001009,0.0,0.0,0.0,0.0,0.0,0.0,0.0,0.0,0.0,0.0,0.0,0.0,0.0062868,0.0062868,0.0037720799999999997,0.01194492,0.95,0.95,b
854,m2001010,0.0,0.0,0.0,0.0,0.0,0.0,0.0,0.0,0.0,0.0,0.0,0.0,0.0076045999999999996,0.0076045999999999996,0.00456279,0.014448835,0.95,0.95,b
856,m2001012,0.0,0.0,0.0,0.0,0.0,0.0,0.0,0.0,0.0,0.0,0.0,0.0,0.0061917,0.0061917,0.0037150499999999997,0.011764324999999999,0.95,0.95,b
857,m2001013,0.0,0.0,0.0,0.0,0.0,0.0,0.0,0.0,0.0,0.0,0.0,0.0,0.0079043,0.0079043,0.00474261,0.015018265000000001,0.95,0.95,b
858,m2001014,0.0,0.0,0.0,0.0,0.0,0.0,0.0,0.0,0.0,0.0,0.0,0.0,0.012747099999999999,0.012747099999999999,0.007648230000000001,0.024219394999999998,0.95,0.95,b
859,m2001015,0.0,0.0,0.0,0.0,0.0,0.0,0.0,0.0,0.0,0.0,0.0,0.0,0.010896900000000001,0.010896900000000001,0.0065381400000000004,0.02070411,0.95,0.95,b
864,m2001202,0.0055909,0.0055909,0.00335454,0.01062271,0.95,0.95,0.0,0.0,0.0,0.0,0.0,0.0,0.0,0.0,0.0,0.0,0.0,0.0,c
865,m2001203,0.007210899999999999,0.007210899999999999,0.004326539999999999,0.01370071,0.95,0.95,0.0,0.0,0.0,0.0,0.0,0.0,0.0,0.0,0.0,0.0,0.0,0.0,c
866,m2001204,0.0058255,0.0058255,0.00349527,0.011068355,0.95,0.95,0.0,0.0,0.0,0.0,0.0,0.0,0.0,0.0,0.0,0.0,0.0,0.0,c
868,m2001206,0.0047390999999999996,0.0047390999999999996,0.00284346,0.00900429,0.95,0.95,0.0,0.0,0.0,0.0,0.0,0.0,0.0,0.0,0.0,0.0,0.0,0.0,c
870,m2001208,0.0053475,0.0053475,0.0032085300000000002,0.010160345,0.95,0.95,0.0,0.0,0.0,0.0,0.0,0.0,0.0,0.0,0.0,0.0,0.0,0.0,c
871,m2001209,0.0062687,0.0062687,0.0037611899999999998,0.011910435,0.95,0.95,0.0,0.0,0.0,0.0,0.0,0.0,0.0,0.0,0.0,0.0,0.0,0.0,c
872,m2001210,0.0060472,0.0060472,0.0036282899999999997,0.011489585,0.95,0.95,0.0,0.0,0.0,0.0,0.0,0.0,0.0,0.0,0.0,0.0,0.0,0.0,c
873,m2001211,0.0105373,0.0105373,0.00632241,0.020020965,0.95,0.95,0.0,0.0,0.0,0.0,0.0,0.0,0.0,0.0,0.0,0.0,0.0,0.0,c
874,m2001212,0.008046099999999999,0.008046099999999999,0.004827629999999999,0.015287494999999998,0.95,0.95,0.0,0.0,0.0,0.0,0.0,0.0,0.0,0.0,0.0,0.0,0.0,0.0,c
875,m2001213,0.0081357,0.0081357,0.00488145,0.015457924999999997,0.95,0.95,0.0,0.0,0.0,0.0,0.0,0.0,0.0,0.0,0.0,0.0,0.0,0.0,c
876,m2001214,0.0075958,0.0075958,0.00455751,0.014432114999999999,0.95,0.95,0.0,0.0,0.0,0.0,0.0,0.0,0.0,0.0,0.0,0.0,0.0,0.0,c
877,m2001215,0.0096232,0.0096232,0.00577389,0.018283985000000003,0.95,0.95,0.0,0.0,0.0,0.0,0.0,0.0,0.0,0.0,0.0,0.0,0.0,0.0,c
882,m2001303,0.0,0.0,0.0,0.0,0.0,0.0,0.005813,0.005813,0.0034877999999999997,0.0110447,0.95,0.95,0.0,0.0,0.0,0.0,0.0,0.0,a
883,m2001304,0.0,0.0,0.0,0.0,0.0,0.0,0.0043315,0.0043315,0.0025989,0.008229849999999999,0.95,0.95,0.0,0.0,0.0,0.0,0.0,0.0,a
884,m2001305,0.0,0.0,0.0,0.0,0.0,0.0,0.004885100000000001,0.004885100000000001,0.00293106,0.00928169,0.95,0.95,0.0,0.0,0.0,0.0,0.0,0.0,a
886,m2001307,0.0,0.0,0.0,0.0,0.0,0.0,0.0062916,0.0062916,0.0037749299999999997,0.011953944999999999,0.95,0.95,0.0,0.0,0.0,0.0,0.0,0.0,a
887,m2001308,0.0,0.0,0.0,0.0,0.0,0.0,0.006588599999999999,0.006588599999999999,0.00395316,0.01251834,0.95,0.95,0.0,0.0,0.0,0.0,0.0,0.0,a
889,m2001310,0.0,0.0,0.0,0.0,0.0,0.0,0.0081667,0.0081667,0.004900020000000001,0.015516730000000003,0.95,0.95,0.0,0.0,0.0,0.0,0.0,0.0,a
890,m2001311,0.0,0.0,0.0,0.0,0.0,0.0,0.0072195,0.0072195,0.0043317,0.013717049999999998,0.95,0.95,0.0,0.0,0.0,0.0,0.0,0.0,a
891,m2001312,0.0,0.0,0.0,0.0,0.0,0.0,0.006542,0.006542,0.0039251699999999995,0.012429705,0.95,0.95,0.0,0.0,0.0,0.0,0.0,0.0,a
892,m2001313,0.0,0.0,0.0,0.0,0.0,0.0,0.0100673,0.0100673,0.00604038,0.019127869999999998,0.95,0.95,0.0,0.0,0.0,0.0,0.0,0.0,a
893,m2001314,0.0,0.0,0.0,0.0,0.0,0.0,0.009649699999999999,0.009649699999999999,0.0057897899999999995,0.018334335,0.95,0.95,0.0,0.0,0.0,0.0,0.0,0.0,a
894,m2001315,0.0,0.0,0.0,0.0,0.0,0.0,0.0089687,0.0089687,0.00538122,0.01704053,0.95,0.95,0.0,0.0,0.0,0.0,0.0,0.0,a
895,m2001400,0.018234,0.018234,0.010940400000000001,0.034644600000000005,0.95,0.95,0.0,0.0,0.0,0.0,0.0,0.0,0.0,0.0,0.0,0.0,0.0,0.0,c
899,m2000902,0.0050609999999999995,0.0050609999999999995,0.0030366,0.0096159,0.95,0.95,0.0,0.0,0.0,0.0,0.0,0.0,0.0,0.0,0.0,0.0,0.0,0.0,c
900,m2000903,0.0056532,0.0056532,0.0033918900000000003,0.010740985,0.95,0.95,0.0,0.0,0.0,0.0,0.0,0.0,0.0,0.0,0.0,0.0,0.0,0.0,c
901,m2000904,0.0043693,0.0043693,0.0026215799999999997,0.008301669999999999,0.95,0.95,0.0,0.0,0.0,0.0,0.0,0.0,0.0,0.0,0.0,0.0,0.0,0.0,c
902,m2000905,0.0050609999999999995,0.0050609999999999995,0.0030366,0.0096159,0.95,0.95,0.0,0.0,0.0,0.0,0.0,0.0,0.0,0.0,0.0,0.0,0.0,0.0,c
903,m2000906,0.0050609999999999995,0.0050609999999999995,0.0030366,0.0096159,0.95,0.95,0.0,0.0,0.0,0.0,0.0,0.0,0.0,0.0,0.0,0.0,0.0,0.0,c
904,m2000907,0.0050609999999999995,0.0050609999999999995,0.0030366,0.0096159,0.95,0.95,0.0,0.0,0.0,0.0,0.0,0.0,0.0,0.0,0.0,0.0,0.0,0.0,c
905,m2000908,0.0050609999999999995,0.0050609999999999995,0.0030366,0.0096159,0.95,0.95,0.0,0.0,0.0,0.0,0.0,0.0,0.0,0.0,0.0,0.0,0.0,0.0,c
906,m2000909,0.0050609999999999995,0.0050609999999999995,0.0030366,0.0096159,0.95,0.95,0.0,0.0,0.0,0.0,0.0,0.0,0.0,0.0,0.0,0.0,0.0,0.0,c
907,m2000910,0.0050609999999999995,0.0050609999999999995,0.0030366,0.0096159,0.95,0.95,0.0,0.0,0.0,0.0,0.0,0.0,0.0,0.0,0.0,0.0,0.0,0.0,c
908,m2000911,0.0050609999999999995,0.0050609999999999995,0.0030366,0.0096159,0.95,0.95,0.0,0.0,0.0,0.0,0.0,0.0,0.0,0.0,0.0,0.0,0.0,0.0,c
909,m2000912,0.0050609999999999995,0.0050609999999999995,0.0030366,0.0096159,0.95,0.95,0.0,0.0,0.0,0.0,0.0,0.0,0.0,0.0,0.0,0.0,0.0,0.0,c
910,m2000913,0.0050609999999999995,0.0050609999999999995,0.0030366,0.0096159,0.95,0.95,0.0,0.0,0.0,0.0,0.0,0.0,0.0,0.0,0.0,0.0,0.0,0.0,c
911,m2000914,0.0050609999999999995,0.0050609999999999995,0.0030366,0.0096159,0.95,0.95,0.0,0.0,0.0,0.0,0.0,0.0,0.0,0.0,0.0,0.0,0.0,0.0,c
912,m2000915,0.0050609999999999995,0.0050609999999999995,0.0030366,0.0096159,0.95,0.95,0.0,0.0,0.0,0.0,0.0,0.0,0.0,0.0,0.0,0.0,0.0,0.0,c
913,l3104157,0.0045765,0.0045765,0.0027459000000000003,0.00869535,0.95,0.95,0.0,0.0,0.0,0.0,0.0,0.0,0.0,0.0,0.0,0.0,0.0,0.0,c
922,l2879092,0.0270765,0.0270765,0.0162459,0.05144535,0.95,0.95,0.0,0.0,0.0,0.0,0.0,0.0,0.0,0.0,0.0,0.0,0.0,0.0,c
928,l3141411,0.013734,0.013734,0.008240399999999998,0.0260946,0.95,0.95,0.0,0.0,0.0,0.0,0.0,0.0,0.0,0.0,0.0,0.0,0.0,0.0,c
930,l3172805,0.0,0.0,0.0,0.0,0.0,0.0,0.0053415,0.0053415,0.0032048999999999997,0.01014885,0.95,0.95,0.0,0.0,0.0,0.0,0.0,0.0,a
938,l3048221,0.0,0.0,0.0,0.0,0.0,0.0,0.0053415,0.0053415,0.0032048999999999997,0.01014885,0.95,0.95,0.0,0.0,0.0,0.0,0.0,0.0,a
952,l3066817,0.0,0.0,0.0,0.0,0.0,0.0,0.007983,0.007983,0.0047897999999999994,0.015167699999999998,0.95,0.95,0.0,0.0,0.0,0.0,0.0,0.0,a
963,l2814529,0.0086295,0.0086295,0.0051776999999999995,0.01639605,0.95,0.95,0.0086295,0.0086295,0.0051776999999999995,0.01639605,0.95,0.95,0.0086295,0.0086295,0.0051776999999999995,0.01639605,0.95,0.95,abc
965,l2916610,0.0,0.0,0.0,0.0,0.0,0.0,0.0,0.0,0.0,0.0,0.0,0.0,0.0057285,0.0057285,0.0034371000000000002,0.01088415,0.95,0.95,b
970,l3189188,0.009153,0.009153,0.005491800000000001,0.0173907,0.95,0.95,0.0,0.0,0.0,0.0,0.0,0.0,0.0,0.0,0.0,0.0,0.0,0.0,c
992,l3197639,0.0,0.0,0.0,0.0,0.0,0.0,0.0053415,0.0053415,0.0032048999999999997,0.01014885,0.95,0.95,0.0,0.0,0.0,0.0,0.0,0.0,a
998,l3122820,0.0,0.0,0.0,0.0,0.0,0.0,0.0053415,0.0053415,0.0032048999999999997,0.01014885,0.95,0.95,0.0,0.0,0.0,0.0,0.0,0.0,a
1008,l2973157,0.0,0.0,0.0,0.0,0.0,0.0,0.0053415,0.0053415,0.0032048999999999997,0.01014885,0.95,0.95,0.0,0.0,0.0,0.0,0.0,0.0,a
1016,l3254216,0.0,0.0,0.0,0.0,0.0,0.0,0.0053415,0.0053415,0.0032048999999999997,0.01014885,0.95,0.95,0.0,0.0,0.0,0.0,0.0,0.0,a
1020,l3091052,0.0,0.0,0.0,0.0,0.0,0.0,0.005985000000000001,0.005985000000000001,0.003591,0.0113715,0.95,0.95,0.0,0.0,0.0,0.0,0.0,0.0,a
1037,l2729414,0.0043155,0.0043155,0.0025893,0.00819945,0.95,0.95,0.0043155,0.0043155,0.0025893,0.00819945,0.95,0.95,0.0043155,0.0043155,0.0025893,0.00819945,0.95,0.95,abc
1043,l3235258,0.0048015,0.0048015,0.0028809,0.00912285,0.95,0.95,0.0048015,0.0048015,0.0028809,0.00912285,0.95,0.95,0.0048015,0.0048015,0.0028809,0.00912285,0.95,0.95,abc
1060,l2973161,0.0,0.0,0.0,0.0,0.0,0.0,0.005985000000000001,0.005985000000000001,0.003591,0.0113715,0.95,0.95,0.0,0.0,0.0,0.0,0.0,0.0,a
1073,l3254217,0.0059264999999999995,0.0059264999999999995,0.0035559,0.011260349999999999,0.95,0.95,0.0,0.0,0.0,0.0,0.0,0.0,0.0,0.0,0.0,0.0,0.0,0.0,c
1077,l2822869,0.0,0.0,0.0,0.0,0.0,0.0,0.0053415,0.0053415,0.0032048999999999997,0.01014885,0.95,0.95,0.0,0.0,0.0,0.0,0.0,0.0,a
1088,l2897777,0.0045765,0.0045765,0.0027459000000000003,0.00869535,0.95,0.95,0.0,0.0,0.0,0.0,0.0,0.0,0.0,0.0,0.0,0.0,0.0,0.0,c
1092,l2954353,0.0,0.0,0.0,0.0,0.0,0.0,0.0053415,0.0053415,0.0032048999999999997,0.01014885,0.95,0.95,0.0,0.0,0.0,0.0,0.0,0.0,a
1100,l3066815,0.0045765,0.0045765,0.0027459000000000003,0.00869535,0.95,0.95,0.0,0.0,0.0,0.0,0.0,0.0,0.0,0.0,0.0,0.0,0.0,0.0,c
1114,l2729206,0.006867,0.006867,0.004120199999999999,0.0130473,0.95,0.95,0.0,0.0,0.0,0.0,0.0,0.0,0.0,0.0,0.0,0.0,0.0,0.0,c
1115,l2729207,0.009153,0.009153,0.005491800000000001,0.0173907,0.95,0.95,0.0,0.0,0.0,0.0,0.0,0.0,0.0,0.0,0.0,0.0,0.0,0.0,c
1118,l2878848,0.006867,0.006867,0.004120199999999999,0.0130473,0.95,0.95,0.0,0.0,0.0,0.0,0.0,0.0,0.0,0.0,0.0,0.0,0.0,0.0,c
1119,l2766499,0.009153,0.009153,0.005491800000000001,0.0173907,0.95,0.95,0.0,0.0,0.0,0.0,0.0,0.0,0.0,0.0,0.0,0.0,0.0,0.0,c
1121,l2897554,0.009153,0.009153,0.005491800000000001,0.0173907,0.95,0.95,0.0,0.0,0.0,0.0,0.0,0.0,0.0,0.0,0.0,0.0,0.0,0.0,c
1130,l2822866,0.0,0.0,0.0,0.0,0.0,0.0,0.0,0.0,0.0,0.0,0.0,0.0,0.0043785,0.0043785,0.0026271,0.008319149999999999,0.95,0.95,b
1133,l3178972,0.009153,0.009153,0.005491800000000001,0.0173907,0.95,0.95,0.0,0.0,0.0,0.0,0.0,0.0,0.0,0.0,0.0,0.0,0.0,0.0,c
1138,l2954345,0.020745,0.020745,0.012447000000000001,0.0394155,0.95,0.95,0.0,0.0,0.0,0.0,0.0,0.0,0.0,0.0,0.0,0.0,0.0,0.0,c
1139,l2895449,0.0045765,0.0045765,0.0027459000000000003,0.00869535,0.95,0.95,0.0,0.0,0.0,0.0,0.0,0.0,0.0,0.0,0.0,0.0,0.0,0.0,c
1144,l3176656,0.0,0.0,0.0,0.0,0.0,0.0,0.0053415,0.0053415,0.0032048999999999997,0.01014885,0.95,0.95,0.0,0.0,0.0,0.0,0.0,0.0,a
1145,l2841621,0.0045765,0.0045765,0.0027459000000000003,0.00869535,0.95,0.95,0.0,0.0,0.0,0.0,0.0,0.0,0.0,0.0,0.0,0.0,0.0,0.0,c
1161,l3066812,0.0,0.0,0.0,0.0,0.0,0.0,0.0053415,0.0053415,0.0032048999999999997,0.01014885,0.95,0.95,0.0,0.0,0.0,0.0,0.0,0.0,a
1168,l2879067,0.0,0.0,0.0,0.0,0.0,0.0,0.0053415,0.0053415,0.0032048999999999997,0.01014885,0.95,0.95,0.0,0.0,0.0,0.0,0.0,0.0,a
1179,l2879068,0.0,0.0,0.0,0.0,0.0,0.0,0.0,0.0,0.0,0.0,0.0,0.0,0.0043785,0.0043785,0.0026271,0.008319149999999999,0.95,0.95,b
1181,l2973152,0.0,0.0,0.0,0.0,0.0,0.0,0.0,0.0,0.0,0.0,0.0,0.0,0.0043785,0.0043785,0.0026271,0.008319149999999999,0.95,0.95,b
1183,l3178975,0.0,0.0,0.0,0.0,0.0,0.0,0.0,0.0,0.0,0.0,0.0,0.0,0.0057285,0.0057285,0.0034371000000000002,0.01088415,0.95,0.95,b
1185,l3066811,0.0,0.0,0.0,0.0,0.0,0.0,0.0,0.0,0.0,0.0,0.0,0.0,0.0043785,0.0043785,0.0026271,0.008319149999999999,0.95,0.95,b
1191,l3085397,0.0,0.0,0.0,0.0,0.0,0.0,0.0,0.0,0.0,0.0,0.0,0.0,0.0057285,0.0057285,0.0034371000000000002,0.01088415,0.95,0.95,b
1192,l2935553,0.0,0.0,0.0,0.0,0.0,0.0,0.0,0.0,0.0,0.0,0.0,0.0,0.0043785,0.0043785,0.0026271,0.008319149999999999,0.95,0.95,b
1205,l2785512,0.0,0.0,0.0,0.0,0.0,0.0,0.0,0.0,0.0,0.0,0.0,0.0,0.0043785,0.0043785,0.0026271,0.008319149999999999,0.95,0.95,b
1210,l3122810,0.0,0.0,0.0,0.0,0.0,0.0,0.0,0.0,0.0,0.0,0.0,0.0,0.0057285,0.0057285,0.0034371000000000002,0.01088415,0.95,0.95,b
1220,l2822860,0.0,0.0,0.0,0.0,0.0,0.0,0.0,0.0,0.0,0.0,0.0,0.0,0.0057285,0.0057285,0.0034371000000000002,0.01088415,0.95,0.95,b
1221,l2860480,0.0,0.0,0.0,0.0,0.0,0.0,0.0,0.0,0.0,0.0,0.0,0.0,0.0043785,0.0043785,0.0026271,0.008319149999999999,0.95,0.95,b
1227,l2860483,0.0,0.0,0.0,0.0,0.0,0.0,0.0,0.0,0.0,0.0,0.0,0.0,0.0043785,0.0043785,0.0026271,0.008319149999999999,0.95,0.95,b
1228,l3141397,0.0,0.0,0.0,0.0,0.0,0.0,0.0,0.0,0.0,0.0,0.0,0.0,0.0043785,0.0043785,0.0026271,0.008319149999999999,0.95,0.95,b
1237,l2710514,0.0,0.0,0.0,0.0,0.0,0.0,0.0,0.0,0.0,0.0,0.0,0.0,0.0043785,0.0043785,0.0026271,0.008319149999999999,0.95,0.95,b
1242,l3160117,0.0,0.0,0.0,0.0,0.0,0.0,0.0,0.0,0.0,0.0,0.0,0.0,0.0043785,0.0043785,0.0026271,0.008319149999999999,0.95,0.95,b
1243,l3215549,0.0,0.0,0.0,0.0,0.0,0.0,0.0,0.0,0.0,0.0,0.0,0.0,0.0043785,0.0043785,0.0026271,0.008319149999999999,0.95,0.95,b
1250,l2710512,0.0,0.0,0.0,0.0,0.0,0.0,0.0,0.0,0.0,0.0,0.0,0.0,0.0043785,0.0043785,0.0026271,0.008319149999999999,0.95,0.95,b
1252,l2954346,0.0,0.0,0.0,0.0,0.0,0.0,0.0,0.0,0.0,0.0,0.0,0.0,0.0053490000000000005,0.0053490000000000005,0.0032094,0.0101631,0.95,0.95,b
1266,l2710504,0.0,0.0,0.0,0.0,0.0,0.0,0.0,0.0,0.0,0.0,0.0,0.0,0.007915499999999999,0.007915499999999999,0.0047493,0.015039449999999998,0.95,0.95,b
1268,l3159037,0.0,0.0,0.0,0.0,0.0,0.0,0.0,0.0,0.0,0.0,0.0,0.0,0.0065655,0.0065655,0.0039393,0.01247445,0.95,0.95,b
1270,l3234185,0.0,0.0,0.0,0.0,0.0,0.0,0.0,0.0,0.0,0.0,0.0,0.0,0.0057285,0.0057285,0.0034371000000000002,0.01088415,0.95,0.95,b
1271,l3065750,0.0,0.0,0.0,0.0,0.0,0.0,0.0,0.0,0.0,0.0,0.0,0.0,0.0043785,0.0043785,0.0026271,0.008319149999999999,0.95,0.95,b
1272,l2690941,0.0,0.0,0.0,0.0,0.0,0.0,0.0,0.0,0.0,0.0,0.0,0.0,0.0043785,0.0043785,0.0026271,0.008319149999999999,0.95,0.95,b
1273,l2748124,0.0,0.0,0.0,0.0,0.0,0.0,0.0,0.0,0.0,0.0,0.0,0.0,0.0043785,0.0043785,0.0026271,0.008319149999999999,0.95,0.95,b
1274,l2989432,0.0,0.0,0.0,0.0,0.0,0.0,0.0,0.0,0.0,0.0,0.0,0.0,0.0057285,0.0057285,0.0034371000000000002,0.01088415,0.95,0.95,b
1275,l3066830,0.0,0.0,0.0,0.0,0.0,0.0,0.0,0.0,0.0,0.0,0.0,0.0,0.0057285,0.0057285,0.0034371000000000002,0.01088415,0.95,0.95,b
1276,l3197660,0.0,0.0,0.0,0.0,0.0,0.0,0.0,0.0,0.0,0.0,0.0,0.0,0.0043785,0.0043785,0.0026271,0.008319149999999999,0.95,0.95,b
1284,l3048203,0.0,0.0,0.0,0.0,0.0,0.0,0.0,0.0,0.0,0.0,0.0,0.0,0.0043785,0.0043785,0.0026271,0.008319149999999999,0.95,0.95,b
1285,l3216344,0.0,0.0,0.0,0.0,0.0,0.0,0.0,0.0,0.0,0.0,0.0,0.0,0.0087525,0.0087525,0.005251499999999999,0.01662975,0.95,0.95,b
1286,l2860501,0.0,0.0,0.0,0.0,0.0,0.0,0.0,0.0,0.0,0.0,0.0,0.0,0.0043785,0.0043785,0.0026271,0.008319149999999999,0.95,0.95,b
1291,l3122814,0.029745,0.029745,0.017847000000000002,0.056515499999999996,0.95,0.95,0.0,0.0,0.0,0.0,0.0,0.0,0.0,0.0,0.0,0.0,0.0,0.0,c
1298,l2804255,0.0,0.0,0.0,0.0,0.0,0.0,0.0,0.0,0.0,0.0,0.0,0.0,0.0043785,0.0043785,0.0026271,0.008319149999999999,0.95,0.95,b
1309,l2983432,0.0,0.0,0.0,0.0,0.0,0.0,0.0053415,0.0053415,0.0032048999999999997,0.01014885,0.95,0.95,0.0,0.0,0.0,0.0,0.0,0.0,a
1317,l3104123,0.020745,0.020745,0.012447000000000001,0.0394155,0.95,0.95,0.0,0.0,0.0,0.0,0.0,0.0,0.0,0.0,0.0,0.0,0.0,0.0,c
1321,l3253995,0.016245000000000002,0.016245000000000002,0.009747,0.0308655,0.95,0.95,0.0,0.0,0.0,0.0,0.0,0.0,0.0,0.0,0.0,0.0,0.0,0.0,c
1329,l3103822,0.006867,0.006867,0.004120199999999999,0.0130473,0.95,0.95,0.0,0.0,0.0,0.0,0.0,0.0,0.0,0.0,0.0,0.0,0.0,0.0,c
1334,l2785521,0.006867,0.006867,0.004120199999999999,0.0130473,0.95,0.95,0.0,0.0,0.0,0.0,0.0,0.0,0.0,0.0,0.0,0.0,0.0,0.0,c
1342,l3645812,0.006867,0.006867,0.004120199999999999,0.0130473,0.95,0.95,0.0,0.0,0.0,0.0,0.0,0.0,0.0,0.0,0.0,0.0,0.0,0.0,c
1347,l3645809,0.009153,0.009153,0.005491800000000001,0.0173907,0.95,0.95,0.0,0.0,0.0,0.0,0.0,0.0,0.0,0.0,0.0,0.0,0.0,0.0,c
1348,l3645810,0.013734,0.013734,0.008240399999999998,0.0260946,0.95,0.95,0.0,0.0,0.0,0.0,0.0,0.0,0.0,0.0,0.0,0.0,0.0,0.0,c
1350,l3645811,0.013734,0.013734,0.008240399999999998,0.0260946,0.95,0.95,0.0,0.0,0.0,0.0,0.0,0.0,0.0,0.0,0.0,0.0,0.0,0.0,c
1354,l3216345,0.0,0.0,0.0,0.0,0.0,0.0,0.0,0.0,0.0,0.0,0.0,0.0,0.0065655,0.0065655,0.0039393,0.01247445,0.95,0.95,b
1356,l3235254,0.0045765,0.0045765,0.0027459000000000003,0.00869535,0.95,0.95,0.0,0.0,0.0,0.0,0.0,0.0,0.0,0.0,0.0,0.0,0.0,0.0,c
1366,l2841639,0.0,0.0,0.0,0.0,0.0,0.0,0.0053415,0.0053415,0.0032048999999999997,0.01014885,0.95,0.95,0.0,0.0,0.0,0.0,0.0,0.0,a
1372,l2954357,0.0,0.0,0.0,0.0,0.0,0.0,0.005985000000000001,0.005985000000000001,0.003591,0.0113715,0.95,0.95,0.0,0.0,0.0,0.0,0.0,0.0,a
1374,l3120376,0.0,0.0,0.0,0.0,0.0,0.0,0.0053415,0.0053415,0.0032048999999999997,0.01014885,0.95,0.95,0.0,0.0,0.0,0.0,0.0,0.0,a
1388,l3270814,0.0,0.0,0.0,0.0,0.0,0.0,0.0053415,0.0053415,0.0032048999999999997,0.01014885,0.95,0.95,0.0,0.0,0.0,0.0,0.0,0.0,a
1389,l3216337,0.0,0.0,0.0,0.0,0.0,0.0,0.0055399,0.0055399,0.0033239100000000002,0.010525715,0.95,0.95,0.0,0.0,0.0,0.0,0.0,0.0,a
1393,l2785529,0.0045765,0.0045765,0.0027459000000000003,0.00869535,0.95,0.95,0.0,0.0,0.0,0.0,0.0,0.0,0.0,0.0,0.0,0.0,0.0,0.0,c
1394,l3197646,0.0,0.0,0.0,0.0,0.0,0.0,0.0,0.0,0.0,0.0,0.0,0.0,0.0043785,0.0043785,0.0026271,0.008319149999999999,0.95,0.95,b
1397,l2822871,0.0,0.0,0.0,0.0,0.0,0.0,0.0,0.0,0.0,0.0,0.0,0.0,0.0043785,0.0043785,0.0026271,0.008319149999999999,0.95,0.95,b
1405,l2820528,0.0045765,0.0045765,0.0027459000000000003,0.00869535,0.95,0.95,0.0,0.0,0.0,0.0,0.0,0.0,0.0,0.0,0.0,0.0,0.0,0.0,c
1406,l2745799,0.0045765,0.0045765,0.0027459000000000003,0.00869535,0.95,0.95,0.0,0.0,0.0,0.0,0.0,0.0,0.0,0.0,0.0,0.0,0.0,0.0,c
1420,l3197634,0.0,0.0,0.0,0.0,0.0,0.0,0.0,0.0,0.0,0.0,0.0,0.0,0.0065655,0.0065655,0.0039393,0.01247445,0.95,0.95,b
1425,l2766720,0.0,0.0,0.0,0.0,0.0,0.0,0.0053415,0.0053415,0.0032048999999999997,0.01014885,0.95,0.95,0.0,0.0,0.0,0.0,0.0,0.0,a
1428,l3122816,0.0,0.0,0.0,0.0,0.0,0.0,0.0,0.0,0.0,0.0,0.0,0.0,0.0043785,0.0043785,0.0026271,0.008319149999999999,0.95,0.95,b
1441,l2935556,0.0,0.0,0.0,0.0,0.0,0.0,0.0,0.0,0.0,0.0,0.0,0.0,0.0057285,0.0057285,0.0034371000000000002,0.01088415,0.95,0.95,b
1444,l2954347,0.0,0.0,0.0,0.0,0.0,0.0,0.0,0.0,0.0,0.0,0.0,0.0,0.0043785,0.0043785,0.0026271,0.008319149999999999,0.95,0.95,b
1452,l2691944,0.0,0.0,0.0,0.0,0.0,0.0,0.0053415,0.0053415,0.0032048999999999997,0.01014885,0.95,0.95,0.0,0.0,0.0,0.0,0.0,0.0,a
1467,l2673313,0.0,0.0,0.0,0.0,0.0,0.0,0.0,0.0,0.0,0.0,0.0,0.0,0.0043785,0.0043785,0.0026271,0.008319149999999999,0.95,0.95,b
1471,l3254213,0.0,0.0,0.0,0.0,0.0,0.0,0.0,0.0,0.0,0.0,0.0,0.0,0.0043785,0.0043785,0.0026271,0.008319149999999999,0.95,0.95,b
1486,l2726983,0.0,0.0,0.0,0.0,0.0,0.0,0.005985000000000001,0.005985000000000001,0.003591,0.0113715,0.95,0.95,0.0,0.0,0.0,0.0,0.0,0.0,a
1494,l3140238,0.0,0.0,0.0,0.0,0.0,0.0,0.0054856,0.0054856,0.0032913599999999997,0.010422639999999999,0.95,0.95,0.0,0.0,0.0,0.0,0.0,0.0,a
1534,l2916607,0.0045765,0.0045765,0.0027459000000000003,0.00869535,0.95,0.95,0.0,0.0,0.0,0.0,0.0,0.0,0.0,0.0,0.0,0.0,0.0,0.0,c
1536,l2710515,0.006867,0.006867,0.004120199999999999,0.0130473,0.95,0.95,0.0,0.0,0.0,0.0,0.0,0.0,0.0,0.0,0.0,0.0,0.0,0.0,c
1540,l2766746,0.0045765,0.0045765,0.0027459000000000003,0.00869535,0.95,0.95,0.0,0.0,0.0,0.0,0.0,0.0,0.0,0.0,0.0,0.0,0.0,0.0,c
1542,l3104118,0.006867,0.006867,0.004120199999999999,0.0130473,0.95,0.95,0.0,0.0,0.0,0.0,0.0,0.0,0.0,0.0,0.0,0.0,0.0,0.0,c
1543,l2748126,0.0045765,0.0045765,0.0027459000000000003,0.00869535,0.95,0.95,0.0,0.0,0.0,0.0,0.0,0.0,0.0,0.0,0.0,0.0,0.0,0.0,c
1545,l3235241,0.0045765,0.0045765,0.0027459000000000003,0.00869535,0.95,0.95,0.0,0.0,0.0,0.0,0.0,0.0,0.0,0.0,0.0,0.0,0.0,0.0,c
1546,l2691941,0.0059264999999999995,0.0059264999999999995,0.0035559,0.011260349999999999,0.95,0.95,0.0,0.0,0.0,0.0,0.0,0.0,0.0,0.0,0.0,0.0,0.0,0.0,c
1547,l3235267,0.0045765,0.0045765,0.0027459000000000003,0.00869535,0.95,0.95,0.0,0.0,0.0,0.0,0.0,0.0,0.0,0.0,0.0,0.0,0.0,0.0,c
1550,l2841645,0.0045765,0.0045765,0.0027459000000000003,0.00869535,0.95,0.95,0.0,0.0,0.0,0.0,0.0,0.0,0.0,0.0,0.0,0.0,0.0,0.0,c
1551,l3066829,0.0045765,0.0045765,0.0027459000000000003,0.00869535,0.95,0.95,0.0,0.0,0.0,0.0,0.0,0.0,0.0,0.0,0.0,0.0,0.0,0.0,c
1552,l3235268,0.0045765,0.0045765,0.0027459000000000003,0.00869535,0.95,0.95,0.0,0.0,0.0,0.0,0.0,0.0,0.0,0.0,0.0,0.0,0.0,0.0,c
1553,l2879089,0.008217,0.008217,0.0049302,0.015612299999999997,0.95,0.95,0.0,0.0,0.0,0.0,0.0,0.0,0.0,0.0,0.0,0.0,0.0,0.0,c
1556,l2766744,0.0,0.0,0.0,0.0,0.0,0.0,0.0,0.0,0.0,0.0,0.0,0.0,0.0043785,0.0043785,0.0026271,0.008319149999999999,0.95,0.95,b
1558,l2731712,0.0,0.0,0.0,0.0,0.0,0.0,0.0,0.0,0.0,0.0,0.0,0.0,0.0043785,0.0043785,0.0026271,0.008319149999999999,0.95,0.95,b
1560,l2785543,0.0,0.0,0.0,0.0,0.0,0.0,0.0,0.0,0.0,0.0,0.0,0.0,0.0057285,0.0057285,0.0034371000000000002,0.01088415,0.95,0.95,b
1568,l2785522,0.0,0.0,0.0,0.0,0.0,0.0,0.0,0.0,0.0,0.0,0.0,0.0,0.0057285,0.0057285,0.0034371000000000002,0.01088415,0.95,0.95,b
1570,l3216361,0.0,0.0,0.0,0.0,0.0,0.0,0.0,0.0,0.0,0.0,0.0,0.0,0.0043785,0.0043785,0.0026271,0.008319149999999999,0.95,0.95,b
1573,l2729408,0.0,0.0,0.0,0.0,0.0,0.0,0.0,0.0,0.0,0.0,0.0,0.0,0.0049353,0.0049353,0.0029612099999999997,0.009377165,0.95,0.95,b
1574,l3085398,0.0,0.0,0.0,0.0,0.0,0.0,0.0,0.0,0.0,0.0,0.0,0.0,0.0043785,0.0043785,0.0026271,0.008319149999999999,0.95,0.95,b
1584,l2935557,0.0,0.0,0.0,0.0,0.0,0.0,0.005985000000000001,0.005985000000000001,0.003591,0.0113715,0.95,0.95,0.0,0.0,0.0,0.0,0.0,0.0,a
1601,l2785546,0.0053415,0.0053415,0.0032048999999999997,0.01014885,0.95,0.95,0.0,0.0,0.0,0.0,0.0,0.0,0.0,0.0,0.0,0.0,0.0,0.0,c
1607,l2821010,0.005985000000000001,0.005985000000000001,0.003591,0.0113715,0.95,0.95,0.0,0.0,0.0,0.0,0.0,0.0,0.0,0.0,0.0,0.0,0.0,0.0,c
1613,l3010585,0.005985000000000001,0.005985000000000001,0.003591,0.0113715,0.95,0.95,0.0,0.0,0.0,0.0,0.0,0.0,0.0,0.0,0.0,0.0,0.0,0.0,c
1623,l3649297,0.0,0.0,0.0,0.0,0.0,0.0,0.005985000000000001,0.005985000000000001,0.003591,0.0113715,0.95,0.95,0.0,0.0,0.0,0.0,0.0,0.0,a
1624,l3649298,0.0,0.0,0.0,0.0,0.0,0.0,0.005985000000000001,0.005985000000000001,0.003591,0.0113715,0.95,0.95,0.0,0.0,0.0,0.0,0.0,0.0,a
1627,l3649300,0.0,0.0,0.0,0.0,0.0,0.0,0.005985000000000001,0.005985000000000001,0.003591,0.0113715,0.95,0.95,0.0,0.0,0.0,0.0,0.0,0.0,a
1628,l3649301,0.0,0.0,0.0,0.0,0.0,0.0,0.005985000000000001,0.005985000000000001,0.003591,0.0113715,0.95,0.95,0.0,0.0,0.0,0.0,0.0,0.0,a
1629,l3649302,0.0,0.0,0.0,0.0,0.0,0.0,0.007335,0.007335,0.0044009999999999995,0.0139365,0.95,0.95,0.0,0.0,0.0,0.0,0.0,0.0,a
1630,l3649304,0.0,0.0,0.0,0.0,0.0,0.0,0.005985000000000001,0.005985000000000001,0.003591,0.0113715,0.95,0.95,0.0,0.0,0.0,0.0,0.0,0.0,a
1632,l3649306,0.0,0.0,0.0,0.0,0.0,0.0,0.005985000000000001,0.005985000000000001,0.003591,0.0113715,0.95,0.95,0.0,0.0,0.0,0.0,0.0,0.0,a
1646,l3029505,0.0045765,0.0045765,0.0027459000000000003,0.00869535,0.95,0.95,0.0,0.0,0.0,0.0,0.0,0.0,0.0,0.0,0.0,0.0,0.0,0.0,c
1647,l2673318,0.0045765,0.0045765,0.0027459000000000003,0.00869535,0.95,0.95,0.0,0.0,0.0,0.0,0.0,0.0,0.0,0.0,0.0,0.0,0.0,0.0,c
1649,l3010568,0.0,0.0,0.0,0.0,0.0,0.0,0.0053415,0.0053415,0.0032048999999999997,0.01014885,0.95,0.95,0.0,0.0,0.0,0.0,0.0,0.0,a
1653,l3178979,0.024867,0.024867,0.014920199999999998,0.047247300000000006,0.95,0.95,0.0,0.0,0.0,0.0,0.0,0.0,0.0,0.0,0.0,0.0,0.0,0.0,c
1661,l2841632,0.0,0.0,0.0,0.0,0.0,0.0,0.0,0.0,0.0,0.0,0.0,0.0,0.0057285,0.0057285,0.0034371000000000002,0.01088415,0.95,0.95,b
1668,l2748157,0.0,0.0,0.0,0.0,0.0,0.0,0.005985000000000001,0.005985000000000001,0.003591,0.0113715,0.95,0.95,0.0,0.0,0.0,0.0,0.0,0.0,a
1672,l3197654,0.0,0.0,0.0,0.0,0.0,0.0,0.0053415,0.0053415,0.0032048999999999997,0.01014885,0.95,0.95,0.0,0.0,0.0,0.0,0.0,0.0,a
1686,l2766738,0.0225765,0.0225765,0.0135459,0.04289534999999999,0.95,0.95,0.0,0.0,0.0,0.0,0.0,0.0,0.0,0.0,0.0,0.0,0.0,0.0,c
1702,l2785534,0.0,0.0,0.0,0.0,0.0,0.0,0.0,0.0,0.0,0.0,0.0,0.0,0.0043785,0.0043785,0.0026271,0.008319149999999999,0.95,0.95,b
1705,l2783231,0.0,0.0,0.0,0.0,0.0,0.0,0.0,0.0,0.0,0.0,0.0,0.0,0.0060157,0.0060157,0.0036094199999999995,0.011429829999999998,0.95,0.95,b
1715,l2673331,0.0,0.0,0.0,0.0,0.0,0.0,0.0,0.0,0.0,0.0,0.0,0.0,0.0087525,0.0087525,0.005251499999999999,0.01662975,0.95,0.95,b
1719,l3085410,0.0,0.0,0.0,0.0,0.0,0.0,0.0,0.0,0.0,0.0,0.0,0.0,0.005874900000000001,0.005874900000000001,0.00352491,0.011162215,0.95,0.95,b
1720,l2860499,0.0,0.0,0.0,0.0,0.0,0.0,0.0,0.0,0.0,0.0,0.0,0.0,0.0087525,0.0087525,0.005251499999999999,0.01662975,0.95,0.95,b
1723,l3254229,0.0,0.0,0.0,0.0,0.0,0.0,0.0,0.0,0.0,0.0,0.0,0.0,0.0043785,0.0043785,0.0026271,0.008319149999999999,0.95,0.95,b
1726,l3066826,0.0,0.0,0.0,0.0,0.0,0.0,0.0,0.0,0.0,0.0,0.0,0.0,0.0065655,0.0065655,0.0039393,0.01247445,0.95,0.95,b
1734,l3160115,0.0,0.0,0.0,0.0,0.0,0.0,0.0,0.0,0.0,0.0,0.0,0.0,0.0087525,0.0087525,0.005251499999999999,0.01662975,0.95,0.95,b
1740,l3235273,0.0,0.0,0.0,0.0,0.0,0.0,0.0,0.0,0.0,0.0,0.0,0.0,0.0043785,0.0043785,0.0026271,0.008319149999999999,0.95,0.95,b
1741,l2973171,0.0,0.0,0.0,0.0,0.0,0.0,0.0,0.0,0.0,0.0,0.0,0.0,0.0043785,0.0043785,0.0026271,0.008319149999999999,0.95,0.95,b
1744,l3082983,0.0,0.0,0.0,0.0,0.0,0.0,0.0,0.0,0.0,0.0,0.0,0.0,0.0043785,0.0043785,0.0026271,0.008319149999999999,0.95,0.95,b
1748,l2916619,0.0,0.0,0.0,0.0,0.0,0.0,0.0,0.0,0.0,0.0,0.0,0.0,0.0043785,0.0043785,0.0026271,0.008319149999999999,0.95,0.95,b
1752,l3160113,0.0,0.0,0.0,0.0,0.0,0.0,0.0,0.0,0.0,0.0,0.0,0.0,0.0043785,0.0043785,0.0026271,0.008319149999999999,0.95,0.95,b
1753,l2804269,0.0,0.0,0.0,0.0,0.0,0.0,0.0,0.0,0.0,0.0,0.0,0.0,0.0043785,0.0043785,0.0026271,0.008319149999999999,0.95,0.95,b
1759,l2726974,0.0,0.0,0.0,0.0,0.0,0.0,0.0,0.0,0.0,0.0,0.0,0.0,0.0057285,0.0057285,0.0034371000000000002,0.01088415,0.95,0.95,b
1760,l2916618,0.0,0.0,0.0,0.0,0.0,0.0,0.0,0.0,0.0,0.0,0.0,0.0,0.0065655,0.0065655,0.0039393,0.01247445,0.95,0.95,b
1761,l2954361,0.0,0.0,0.0,0.0,0.0,0.0,0.0,0.0,0.0,0.0,0.0,0.0,0.0043785,0.0043785,0.0026271,0.008319149999999999,0.95,0.95,b
1763,l2897791,0.0,0.0,0.0,0.0,0.0,0.0,0.0,0.0,0.0,0.0,0.0,0.0,0.007915499999999999,0.007915499999999999,0.0047493,0.015039449999999998,0.95,0.95,b
1766,l3197653,0.0,0.0,0.0,0.0,0.0,0.0,0.0,0.0,0.0,0.0,0.0,0.0,0.0043785,0.0043785,0.0026271,0.008319149999999999,0.95,0.95,b
1767,l2785535,0.0,0.0,0.0,0.0,0.0,0.0,0.0,0.0,0.0,0.0,0.0,0.0,0.0107999,0.0107999,0.006479939999999999,0.020519809999999996,0.95,0.95,b
1768,l3254228,0.0,0.0,0.0,0.0,0.0,0.0,0.0,0.0,0.0,0.0,0.0,0.0,0.0043785,0.0043785,0.0026271,0.008319149999999999,0.95,0.95,b
1774,l3102793,0.0,0.0,0.0,0.0,0.0,0.0,0.0,0.0,0.0,0.0,0.0,0.0,0.0043785,0.0043785,0.0026271,0.008319149999999999,0.95,0.95,b
1775,l2991929,0.0,0.0,0.0,0.0,0.0,0.0,0.0,0.0,0.0,0.0,0.0,0.0,0.0043785,0.0043785,0.0026271,0.008319149999999999,0.95,0.95,b
1776,l2916617,0.0,0.0,0.0,0.0,0.0,0.0,0.0,0.0,0.0,0.0,0.0,0.0,0.0057285,0.0057285,0.0034371000000000002,0.01088415,0.95,0.95,b
1777,l2801902,0.0,0.0,0.0,0.0,0.0,0.0,0.0,0.0,0.0,0.0,0.0,0.0,0.0065655,0.0065655,0.0039393,0.01247445,0.95,0.95,b
1781,l2691966,0.0,0.0,0.0,0.0,0.0,0.0,0.0,0.0,0.0,0.0,0.0,0.0,0.0087525,0.0087525,0.005251499999999999,0.01662975,0.95,0.95,b
1795,l3251854,0.0,0.0,0.0,0.0,0.0,0.0,0.0053415,0.0053415,0.0032048999999999997,0.01014885,0.95,0.95,0.0,0.0,0.0,0.0,0.0,0.0,a
1803,l3008237,0.0045765,0.0045765,0.0027459000000000003,0.00869535,0.95,0.95,0.0,0.0,0.0,0.0,0.0,0.0,0.0,0.0,0.0,0.0,0.0,0.0,c
1807,l2897790,0.0045765,0.0045765,0.0027459000000000003,0.00869535,0.95,0.95,0.0,0.0,0.0,0.0,0.0,0.0,0.0,0.0,0.0,0.0,0.0,0.0,c
1808,l2935566,0.0045765,0.0045765,0.0027459000000000003,0.00869535,0.95,0.95,0.0,0.0,0.0,0.0,0.0,0.0,0.0,0.0,0.0,0.0,0.0,0.0,c
1813,l2820535,0.0,0.0,0.0,0.0,0.0,0.0,0.0,0.0,0.0,0.0,0.0,0.0,0.0043785,0.0043785,0.0026271,0.008319149999999999,0.95,0.95,b
1817,l2916620,0.0026265,0.0026265,0.0015759,0.00499035,0.95,0.95,0.0026265,0.0026265,0.0015759,0.00499035,0.95,0.95,0.0026265,0.0026265,0.0015759,0.00499035,0.95,0.95,abc
1821,l2785538,0.0,0.0,0.0,0.0,0.0,0.0,0.0053415,0.0053415,0.0032048999999999997,0.01014885,0.95,0.95,0.0,0.0,0.0,0.0,0.0,0.0,a
1834,l3066804,0.0,0.0,0.0,0.0,0.0,0.0,0.005985000000000001,0.005985000000000001,0.003591,0.0113715,0.95,0.95,0.0,0.0,0.0,0.0,0.0,0.0,a
1842,l3104129,0.0,0.0,0.0,0.0,0.0,0.0,0.005985000000000001,0.005985000000000001,0.003591,0.0113715,0.95,0.95,0.0,0.0,0.0,0.0,0.0,0.0,a
1844,l3085401,0.0,0.0,0.0,0.0,0.0,0.0,0.005985000000000001,0.005985000000000001,0.003591,0.0113715,0.95,0.95,0.0,0.0,0.0,0.0,0.0,0.0,a
1855,l2820531,0.0,0.0,0.0,0.0,0.0,0.0,0.0,0.0,0.0,0.0,0.0,0.0,0.0043785,0.0043785,0.0026271,0.008319149999999999,0.95,0.95,b
1859,l3160109,0.0,0.0,0.0,0.0,0.0,0.0,0.0,0.0,0.0,0.0,0.0,0.0,0.0043785,0.0043785,0.0026271,0.008319149999999999,0.95,0.95,b
1862,l2822872,0.0,0.0,0.0,0.0,0.0,0.0,0.0,0.0,0.0,0.0,0.0,0.0,0.0043785,0.0043785,0.0026271,0.008319149999999999,0.95,0.95,b
1866,l3122821,0.0,0.0,0.0,0.0,0.0,0.0,0.0,0.0,0.0,0.0,0.0,0.0,0.0057285,0.0057285,0.0034371000000000002,0.01088415,0.95,0.95,b
1873,l3010560,0.0,0.0,0.0,0.0,0.0,0.0,0.0,0.0,0.0,0.0,0.0,0.0,0.0043785,0.0043785,0.0026271,0.008319149999999999,0.95,0.95,b
1880,l3254209,0.006867,0.006867,0.004120199999999999,0.0130473,0.95,0.95,0.0,0.0,0.0,0.0,0.0,0.0,0.0,0.0,0.0,0.0,0.0,0.0,c
1884,l3104119,0.0,0.0,0.0,0.0,0.0,0.0,0.0083405,0.0083405,0.0050043,0.01584695,0.95,0.95,0.0,0.0,0.0,0.0,0.0,0.0,a
1890,l3066809,0.0045765,0.0045765,0.0027459000000000003,0.00869535,0.95,0.95,0.0,0.0,0.0,0.0,0.0,0.0,0.0,0.0,0.0,0.0,0.0,0.0,c
1892,l2954344,0.0059264999999999995,0.0059264999999999995,0.0035559,0.011260349999999999,0.95,0.95,0.0,0.0,0.0,0.0,0.0,0.0,0.0,0.0,0.0,0.0,0.0,0.0,c
1893,l2897767,0.0045765,0.0045765,0.0027459000000000003,0.00869535,0.95,0.95,0.0,0.0,0.0,0.0,0.0,0.0,0.0,0.0,0.0,0.0,0.0,0.0,c
1894,l3254208,0.0059264999999999995,0.0059264999999999995,0.0035559,0.011260349999999999,0.95,0.95,0.0,0.0,0.0,0.0,0.0,0.0,0.0,0.0,0.0,0.0,0.0,0.0,c
1897,l2933120,0.006867,0.006867,0.004120199999999999,0.0130473,0.95,0.95,0.0,0.0,0.0,0.0,0.0,0.0,0.0,0.0,0.0,0.0,0.0,0.0,c
1898,l3104117,0.006867,0.006867,0.004120199999999999,0.0130473,0.95,0.95,0.0,0.0,0.0,0.0,0.0,0.0,0.0,0.0,0.0,0.0,0.0,0.0,c
1900,l2745806,0.0045765,0.0045765,0.0027459000000000003,0.00869535,0.95,0.95,0.0,0.0,0.0,0.0,0.0,0.0,0.0,0.0,0.0,0.0,0.0,0.0,c
1901,l2748125,0.0045765,0.0045765,0.0027459000000000003,0.00869535,0.95,0.95,0.0,0.0,0.0,0.0,0.0,0.0,0.0,0.0,0.0,0.0,0.0,0.0,c
1905,l2673308,0.0,0.0,0.0,0.0,0.0,0.0,0.0,0.0,0.0,0.0,0.0,0.0,0.0065655,0.0065655,0.0039393,0.01247445,0.95,0.95,b
1906,l2991939,0.0,0.0,0.0,0.0,0.0,0.0,0.0,0.0,0.0,0.0,0.0,0.0,0.0043785,0.0043785,0.0026271,0.008319149999999999,0.95,0.95,b
1907,l3216367,0.0,0.0,0.0,0.0,0.0,0.0,0.0,0.0,0.0,0.0,0.0,0.0,0.0043785,0.0043785,0.0026271,0.008319149999999999,0.95,0.95,b
1920,l2876798,0.0,0.0,0.0,0.0,0.0,0.0,0.0,0.0,0.0,0.0,0.0,0.0,0.0061785,0.0061785,0.0037070999999999996,0.011739149999999999,0.95,0.95,b
1928,l3216342,0.0,0.0,0.0,0.0,0.0,0.0,0.0,0.0,0.0,0.0,0.0,0.0,0.0043785,0.0043785,0.0026271,0.008319149999999999,0.95,0.95,b
1929,l2879063,0.0,0.0,0.0,0.0,0.0,0.0,0.0,0.0,0.0,0.0,0.0,0.0,0.0043785,0.0043785,0.0026271,0.008319149999999999,0.95,0.95,b
1934,l3177665,0.0,0.0,0.0,0.0,0.0,0.0,0.007335,0.007335,0.0044009999999999995,0.0139365,0.95,0.95,0.0,0.0,0.0,0.0,0.0,0.0,a
1936,l3729297,0.0,0.0,0.0,0.0,0.0,0.0,0.0053415,0.0053415,0.0032048999999999997,0.01014885,0.95,0.95,0.0,0.0,0.0,0.0,0.0,0.0,a
1937,l3729298,0.0,0.0,0.0,0.0,0.0,0.0,0.005985000000000001,0.005985000000000001,0.003591,0.0113715,0.95,0.95,0.0,0.0,0.0,0.0,0.0,0.0,a
1941,l3728037,0.0,0.0,0.0,0.0,0.0,0.0,0.0053415,0.0053415,0.0032048999999999997,0.01014885,0.95,0.95,0.0,0.0,0.0,0.0,0.0,0.0,a
1943,l3728042,0.0,0.0,0.0,0.0,0.0,0.0,0.005985000000000001,0.005985000000000001,0.003591,0.0113715,0.95,0.95,0.0,0.0,0.0,0.0,0.0,0.0,a
1944,l3728043,0.0,0.0,0.0,0.0,0.0,0.0,0.005985000000000001,0.005985000000000001,0.003591,0.0113715,0.95,0.95,0.0,0.0,0.0,0.0,0.0,0.0,a
1946,l3728039,0.0,0.0,0.0,0.0,0.0,0.0,0.0072629999999999995,0.0072629999999999995,0.0043578,0.0137997,0.95,0.95,0.0,0.0,0.0,0.0,0.0,0.0,a
1947,l3728040,0.0,0.0,0.0,0.0,0.0,0.0,0.005985000000000001,0.005985000000000001,0.003591,0.0113715,0.95,0.95,0.0,0.0,0.0,0.0,0.0,0.0,a
1951,l3727709,0.0,0.0,0.0,0.0,0.0,0.0,0.005985000000000001,0.005985000000000001,0.003591,0.0113715,0.95,0.95,0.0,0.0,0.0,0.0,0.0,0.0,a
1952,l3727710,0.0,0.0,0.0,0.0,0.0,0.0,0.005985000000000001,0.005985000000000001,0.003591,0.0113715,0.95,0.95,0.0,0.0,0.0,0.0,0.0,0.0,a
1956,l2729410,0.0225765,0.0225765,0.0135459,0.04289534999999999,0.95,0.95,0.0,0.0,0.0,0.0,0.0,0.0,0.0,0.0,0.0,0.0,0.0,0.0,c
1960,l2851933,0.005078999999999999,0.005078999999999999,0.0030473999999999996,0.009650099999999998,0.95,0.95,0.005078999999999999,0.005078999999999999,0.0030473999999999996,0.009650099999999998,0.95,0.95,0.005078999999999999,0.005078999999999999,0.0030473999999999996,0.009650099999999998,0.95,0.95,abc
1961,l3207907,0.010089,0.010089,0.0060534,0.0191691,0.95,0.95,0.010089,0.010089,0.0060534,0.0191691,0.95,0.95,0.010089,0.010089,0.0060534,0.0191691,0.95,0.95,abc
1970,l2973166,0.0045765,0.0045765,0.0027459000000000003,0.00869535,0.95,0.95,0.0,0.0,0.0,0.0,0.0,0.0,0.0,0.0,0.0,0.0,0.0,0.0,c
1981,l3085403,0.0,0.0,0.0,0.0,0.0,0.0,0.0053415,0.0053415,0.0032048999999999997,0.01014885,0.95,0.95,0.0,0.0,0.0,0.0,0.0,0.0,a
1984,l3047058,0.0,0.0,0.0,0.0,0.0,0.0,0.005985000000000001,0.005985000000000001,0.003591,0.0113715,0.95,0.95,0.0,0.0,0.0,0.0,0.0,0.0,a
2014,l2859391,0.0,0.0,0.0,0.0,0.0,0.0,0.0,0.0,0.0,0.0,0.0,0.0,0.0043785,0.0043785,0.0026271,0.008319149999999999,0.95,0.95,b
2027,l2710542,0.0,0.0,0.0,0.0,0.0,0.0,0.0,0.0,0.0,0.0,0.0,0.0,0.0043785,0.0043785,0.0026271,0.008319149999999999,0.95,0.95,b
2028,l2729430,0.0,0.0,0.0,0.0,0.0,0.0,0.0,0.0,0.0,0.0,0.0,0.0,0.0043785,0.0043785,0.0026271,0.008319149999999999,0.95,0.95,b
2032,l3254234,0.0,0.0,0.0,0.0,0.0,0.0,0.0,0.0,0.0,0.0,0.0,0.0,0.0043785,0.0043785,0.0026271,0.008319149999999999,0.95,0.95,b
2033,l3104114,0.0,0.0,0.0,0.0,0.0,0.0,0.0,0.0,0.0,0.0,0.0,0.0,0.0057285,0.0057285,0.0034371000000000002,0.01088415,0.95,0.95,b
2036,l2954338,0.0,0.0,0.0,0.0,0.0,0.0,0.0,0.0,0.0,0.0,0.0,0.0,0.0043785,0.0043785,0.0026271,0.008319149999999999,0.95,0.95,b
2039,l3254206,0.0,0.0,0.0,0.0,0.0,0.0,0.0,0.0,0.0,0.0,0.0,0.0,0.0043785,0.0043785,0.0026271,0.008319149999999999,0.95,0.95,b
2046,l2691938,0.0,0.0,0.0,0.0,0.0,0.0,0.0,0.0,0.0,0.0,0.0,0.0,0.0043785,0.0043785,0.0026271,0.008319149999999999,0.95,0.95,b
2048,l3216338,0.0,0.0,0.0,0.0,0.0,0.0,0.0,0.0,0.0,0.0,0.0,0.0,0.0057285,0.0057285,0.0034371000000000002,0.01088415,0.95,0.95,b
2049,l2973146,0.0,0.0,0.0,0.0,0.0,0.0,0.0,0.0,0.0,0.0,0.0,0.0,0.0043785,0.0043785,0.0026271,0.008319149999999999,0.95,0.95,b
2050,l2991901,0.0,0.0,0.0,0.0,0.0,0.0,0.0,0.0,0.0,0.0,0.0,0.0,0.0043785,0.0043785,0.0026271,0.008319149999999999,0.95,0.95,b
2052,l2911069,0.0,0.0,0.0,0.0,0.0,0.0,0.0,0.0,0.0,0.0,0.0,0.0,0.0059886,0.0059886,0.0035931599999999998,0.011378339999999999,0.95,0.95,b
2053,l2948732,0.0,0.0,0.0,0.0,0.0,0.0,0.0,0.0,0.0,0.0,0.0,0.0,0.0070784,0.0070784,0.0042470400000000005,0.01344896,0.95,0.95,b
2054,l3231269,0.0,0.0,0.0,0.0,0.0,0.0,0.0,0.0,0.0,0.0,0.0,0.0,0.00596,0.00596,0.003576,0.011323999999999999,0.95,0.95,b
2056,l3251806,0.0,0.0,0.0,0.0,0.0,0.0,0.0,0.0,0.0,0.0,0.0,0.0,0.0059768,0.0059768,0.00358605,0.011355825,0.95,0.95,b
2057,l3160108,0.0,0.0,0.0,0.0,0.0,0.0,0.0,0.0,0.0,0.0,0.0,0.0,0.0065655,0.0065655,0.0039393,0.01247445,0.95,0.95,b
2059,l2729409,0.0,0.0,0.0,0.0,0.0,0.0,0.0,0.0,0.0,0.0,0.0,0.0,0.0043785,0.0043785,0.0026271,0.008319149999999999,0.95,0.95,b
2063,l2991927,0.0,0.0,0.0,0.0,0.0,0.0,0.0,0.0,0.0,0.0,0.0,0.0,0.0057285,0.0057285,0.0034371000000000002,0.01088415,0.95,0.95,b
2064,l2804245,0.0,0.0,0.0,0.0,0.0,0.0,0.0,0.0,0.0,0.0,0.0,0.0,0.0043785,0.0043785,0.0026271,0.008319149999999999,0.95,0.95,b
2072,l2691939,0.0,0.0,0.0,0.0,0.0,0.0,0.0,0.0,0.0,0.0,0.0,0.0,0.0043785,0.0043785,0.0026271,0.008319149999999999,0.95,0.95,b
2074,l2822858,0.0,0.0,0.0,0.0,0.0,0.0,0.0,0.0,0.0,0.0,0.0,0.0,0.0043785,0.0043785,0.0026271,0.008319149999999999,0.95,0.95,b
2077,l3177881,0.0045765,0.0045765,0.0027459000000000003,0.00869535,0.95,0.95,0.0,0.0,0.0,0.0,0.0,0.0,0.0,0.0,0.0,0.0,0.0,0.0,c
2081,l3122818,0.0045765,0.0045765,0.0027459000000000003,0.00869535,0.95,0.95,0.0,0.0,0.0,0.0,0.0,0.0,0.0,0.0,0.0,0.0,0.0,0.0,c
2087,l3160102,0.0,0.0,0.0,0.0,0.0,0.0,0.0,0.0,0.0,0.0,0.0,0.0,0.0043785,0.0043785,0.0026271,0.008319149999999999,0.95,0.95,b
2094,l2746587,0.0045765,0.0045765,0.0027459000000000003,0.00869535,0.95,0.95,0.0,0.0,0.0,0.0,0.0,0.0,0.0,0.0,0.0,0.0,0.0,0.0,c
2096,l2991933,0.009153,0.009153,0.005491800000000001,0.0173907,0.95,0.95,0.0,0.0,0.0,0.0,0.0,0.0,0.0,0.0,0.0,0.0,0.0,0.0,c
2097,l3122837,0.006867,0.006867,0.004120199999999999,0.0130473,0.95,0.95,0.0,0.0,0.0,0.0,0.0,0.0,0.0,0.0,0.0,0.0,0.0,0.0,c
2098,l3048222,0.006867,0.006867,0.004120199999999999,0.0130473,0.95,0.95,0.0,0.0,0.0,0.0,0.0,0.0,0.0,0.0,0.0,0.0,0.0,0.0,c
2099,l2673323,0.0059264999999999995,0.0059264999999999995,0.0035559,0.011260349999999999,0.95,0.95,0.0,0.0,0.0,0.0,0.0,0.0,0.0,0.0,0.0,0.0,0.0,0.0,c
2101,l2710525,0.0045765,0.0045765,0.0027459000000000003,0.00869535,0.95,0.95,0.0,0.0,0.0,0.0,0.0,0.0,0.0,0.0,0.0,0.0,0.0,0.0,c
2102,l3178982,0.0,0.0,0.0,0.0,0.0,0.0,0.0053415,0.0053415,0.0032048999999999997,0.01014885,0.95,0.95,0.0,0.0,0.0,0.0,0.0,0.0,a
2106,l3065696,0.0,0.0,0.0,0.0,0.0,0.0,0.0053415,0.0053415,0.0032048999999999997,0.01014885,0.95,0.95,0.0,0.0,0.0,0.0,0.0,0.0,a
2109,l3141402,0.0045765,0.0045765,0.0027459000000000003,0.00869535,0.95,0.95,0.0,0.0,0.0,0.0,0.0,0.0,0.0,0.0,0.0,0.0,0.0,0.0,c
2111,l3216350,0.0,0.0,0.0,0.0,0.0,0.0,0.0083027,0.0083027,0.004981619999999999,0.01577513,0.95,0.95,0.0,0.0,0.0,0.0,0.0,0.0,a
2113,l2841631,0.0059264999999999995,0.0059264999999999995,0.0035559,0.011260349999999999,0.95,0.95,0.0,0.0,0.0,0.0,0.0,0.0,0.0,0.0,0.0,0.0,0.0,0.0,c
2154,l2692661,0.0,0.0,0.0,0.0,0.0,0.0,0.0053415,0.0053415,0.0032048999999999997,0.01014885,0.95,0.95,0.0,0.0,0.0,0.0,0.0,0.0,a
2162,l2992656,0.0,0.0,0.0,0.0,0.0,0.0,0.005985000000000001,0.005985000000000001,0.003591,0.0113715,0.95,0.95,0.0,0.0,0.0,0.0,0.0,0.0,a
2165,l2730187,0.0,0.0,0.0,0.0,0.0,0.0,0.005985000000000001,0.005985000000000001,0.003591,0.0113715,0.95,0.95,0.0,0.0,0.0,0.0,0.0,0.0,a
2183,l3160871,0.0045765,0.0045765,0.0027459000000000003,0.00869535,0.95,0.95,0.0,0.0,0.0,0.0,0.0,0.0,0.0,0.0,0.0,0.0,0.0,0.0,c
2184,l3030203,0.0045765,0.0045765,0.0027459000000000003,0.00869535,0.95,0.95,0.0,0.0,0.0,0.0,0.0,0.0,0.0,0.0,0.0,0.0,0.0,0.0,c
2191,l3048965,0.0,0.0,0.0,0.0,0.0,0.0,0.0,0.0,0.0,0.0,0.0,0.0,0.0065655,0.0065655,0.0039393,0.01247445,0.95,0.95,b
2193,l2955077,0.0059264999999999995,0.0059264999999999995,0.0035559,0.011260349999999999,0.95,0.95,0.0,0.0,0.0,0.0,0.0,0.0,0.0,0.0,0.0,0.0,0.0,0.0,c
2198,l3160872,0.006867,0.006867,0.004120199999999999,0.0130473,0.95,0.95,0.0,0.0,0.0,0.0,0.0,0.0,0.0,0.0,0.0,0.0,0.0,0.0,c
2202,l3198348,0.0,0.0,0.0,0.0,0.0,0.0,0.007983,0.007983,0.0047897999999999994,0.015167699999999998,0.95,0.95,0.0,0.0,0.0,0.0,0.0,0.0,a
2217,l3552667,0.0045765,0.0045765,0.0027459000000000003,0.00869535,0.95,0.95,0.0,0.0,0.0,0.0,0.0,0.0,0.0,0.0,0.0,0.0,0.0,0.0,c
2219,l3104850,0.0045765,0.0045765,0.0027459000000000003,0.00869535,0.95,0.95,0.0,0.0,0.0,0.0,0.0,0.0,0.0,0.0,0.0,0.0,0.0,0.0,c
2223,l3251799,0.0,0.0,0.0,0.0,0.0,0.0,0.005985000000000001,0.005985000000000001,0.003591,0.0113715,0.95,0.95,0.0,0.0,0.0,0.0,0.0,0.0,a
2225,l3214071,0.0045765,0.0045765,0.0027459000000000003,0.00869535,0.95,0.95,0.0,0.0,0.0,0.0,0.0,0.0,0.0,0.0,0.0,0.0,0.0,0.0,c
2233,l3214069,0.0045765,0.0045765,0.0027459000000000003,0.00869535,0.95,0.95,0.0,0.0,0.0,0.0,0.0,0.0,0.0,0.0,0.0,0.0,0.0,0.0,c
2236,l3123452,0.0045765,0.0045765,0.0027459000000000003,0.00869535,0.95,0.95,0.0,0.0,0.0,0.0,0.0,0.0,0.0,0.0,0.0,0.0,0.0,0.0,c
2243,l3029055,0.0,0.0,0.0,0.0,0.0,0.0,0.0,0.0,0.0,0.0,0.0,0.0,0.0065655,0.0065655,0.0039393,0.01247445,0.95,0.95,b
2246,l2767341,0.006867,0.006867,0.004120199999999999,0.0130473,0.95,0.95,0.0,0.0,0.0,0.0,0.0,0.0,0.0,0.0,0.0,0.0,0.0,0.0,c
2250,l3048887,0.0,0.0,0.0,0.0,0.0,0.0,0.0,0.0,0.0,0.0,0.0,0.0,0.0065655,0.0065655,0.0039393,0.01247445,0.95,0.95,b
2254,l3216988,0.0,0.0,0.0,0.0,0.0,0.0,0.0,0.0,0.0,0.0,0.0,0.0,0.0043785,0.0043785,0.0026271,0.008319149999999999,0.95,0.95,b
2255,l3179607,0.0,0.0,0.0,0.0,0.0,0.0,0.0,0.0,0.0,0.0,0.0,0.0,0.0043785,0.0043785,0.0026271,0.008319149999999999,0.95,0.95,b
2259,l3067478,0.0,0.0,0.0,0.0,0.0,0.0,0.005985000000000001,0.005985000000000001,0.003591,0.0113715,0.95,0.95,0.0,0.0,0.0,0.0,0.0,0.0,a
2269,l3233412,0.0,0.0,0.0,0.0,0.0,0.0,0.007983,0.007983,0.0047897999999999994,0.015167699999999998,0.95,0.95,0.0,0.0,0.0,0.0,0.0,0.0,a
2272,l2821087,0.0,0.0,0.0,0.0,0.0,0.0,0.011970000000000001,0.011970000000000001,0.007182,0.022743,0.95,0.95,0.0,0.0,0.0,0.0,0.0,0.0,a
2273,l2990098,0.0,0.0,0.0,0.0,0.0,0.0,0.007983,0.007983,0.0047897999999999994,0.015167699999999998,0.95,0.95,0.0,0.0,0.0,0.0,0.0,0.0,a
2275,l3027671,0.0,0.0,0.0,0.0,0.0,0.0,0.005985000000000001,0.005985000000000001,0.003591,0.0113715,0.95,0.95,0.0,0.0,0.0,0.0,0.0,0.0,a
2277,l2802481,0.0,0.0,0.0,0.0,0.0,0.0,0.011970000000000001,0.011970000000000001,0.007182,0.022743,0.95,0.95,0.0,0.0,0.0,0.0,0.0,0.0,a
2278,l3214549,0.0,0.0,0.0,0.0,0.0,0.0,0.007983,0.007983,0.0047897999999999994,0.015167699999999998,0.95,0.95,0.0,0.0,0.0,0.0,0.0,0.0,a
2284,l2952003,0.0,0.0,0.0,0.0,0.0,0.0,0.0,0.0,0.0,0.0,0.0,0.0,0.0043785,0.0043785,0.0026271,0.008319149999999999,0.95,0.95,b
2286,l3254237,0.0,0.0,0.0,0.0,0.0,0.0,0.004489099999999999,0.004489099999999999,0.00269349,0.008529384999999999,0.95,0.95,0.0,0.0,0.0,0.0,0.0,0.0,a
2290,l2896685,0.003039,0.003039,0.0018234,0.0057741,0.95,0.95,0.003039,0.003039,0.0018234,0.0057741,0.95,0.95,0.003039,0.003039,0.0018234,0.0057741,0.95,0.95,abc
2295,l2990826,0.004765500000000001,0.004765500000000001,0.0028593000000000004,0.00905445,0.95,0.95,0.004765500000000001,0.004765500000000001,0.0028593000000000004,0.00905445,0.95,0.95,0.004765500000000001,0.004765500000000001,0.0028593000000000004,0.00905445,0.95,0.95,abc
2298,l2841619,0.006867,0.006867,0.004120199999999999,0.0130473,0.95,0.95,0.0,0.0,0.0,0.0,0.0,0.0,0.0,0.0,0.0,0.0,0.0,0.0,c
2301,l2673306,0.0045765,0.0045765,0.0027459000000000003,0.00869535,0.95,0.95,0.0,0.0,0.0,0.0,0.0,0.0,0.0,0.0,0.0,0.0,0.0,0.0,c
2307,l2897768,0.0059264999999999995,0.0059264999999999995,0.0035559,0.011260349999999999,0.95,0.95,0.0,0.0,0.0,0.0,0.0,0.0,0.0,0.0,0.0,0.0,0.0,0.0,c
2309,l2785515,0.0045765,0.0045765,0.0027459000000000003,0.00869535,0.95,0.95,0.0,0.0,0.0,0.0,0.0,0.0,0.0,0.0,0.0,0.0,0.0,0.0,c
2310,m1108410,0.0,0.0,0.0,0.0,0.0,0.0,0.0,0.0,0.0,0.0,0.0,0.0,0.0249422,0.0249422,0.01496535,0.047390275,0.95,0.95,b
2311,l2728247,0.0035025,0.0035025,0.0021014999999999996,0.00665475,0.95,0.95,0.0035025,0.0035025,0.0021014999999999996,0.00665475,0.95,0.95,0.0035025,0.0035025,0.0021014999999999996,0.00665475,0.95,0.95,abc
2314,l2915542,0.0086295,0.0086295,0.0051776999999999995,0.01639605,0.95,0.95,0.0086295,0.0086295,0.0051776999999999995,0.01639605,0.95,0.95,0.0086295,0.0086295,0.0051776999999999995,0.01639605,0.95,0.95,abc
2317,l3215203,0.009079499999999999,0.009079499999999999,0.005447699999999999,0.01725105,0.95,0.95,0.009079499999999999,0.009079499999999999,0.005447699999999999,0.01725105,0.95,0.95,0.009079499999999999,0.009079499999999999,0.005447699999999999,0.01725105,0.95,0.95,abc
2320,l2803199,0.009079499999999999,0.009079499999999999,0.005447699999999999,0.01725105,0.95,0.95,0.009079499999999999,0.009079499999999999,0.005447699999999999,0.01725105,0.95,0.95,0.009079499999999999,0.009079499999999999,0.005447699999999999,0.01725105,0.95,0.95,abc
2324,m1108405,0.0132427,0.0132427,0.00794561,0.025161098333333333,0.95,0.95,0.0132427,0.0132427,0.00794561,0.025161098333333333,0.95,0.95,0.0132427,0.0132427,0.00794561,0.025161098333333333,0.95,0.95,abc
2325,m1108403,0.011701300000000001,0.011701300000000001,0.007020770000000001,0.022232438333333333,0.95,0.95,0.011701300000000001,0.011701300000000001,0.007020770000000001,0.022232438333333333,0.95,0.95,0.011701300000000001,0.011701300000000001,0.007020770000000001,0.022232438333333333,0.95,0.95,abc
2326,m1108407,0.0,0.0,0.0,0.0,0.0,0.0,0.0,0.0,0.0,0.0,0.0,0.0,0.017588100000000002,0.017588100000000002,0.010552889999999999,0.033417485,0.95,0.95,b
2327,m1108406,0.0,0.0,0.0,0.0,0.0,0.0,0.0112067,0.0112067,0.00672402,0.02129273,0.95,0.95,0.0112067,0.0112067,0.00672402,0.02129273,0.95,0.95,ab
2328,m1108404,0.014988866666666668,0.014988866666666668,0.008993319999999999,0.028478846666666665,0.95,0.95,0.014988866666666668,0.014988866666666668,0.008993319999999999,0.028478846666666665,0.95,0.95,0.014988866666666668,0.014988866666666668,0.008993319999999999,0.028478846666666665,0.95,0.95,abc
2332,l2708744,0.0,0.0,0.0,0.0,0.0,0.0,0.0,0.0,0.0,0.0,0.0,0.0,0.013131,0.013131,0.0078786,0.0249489,0.95,0.95,b
2333,l2690187,0.0,0.0,0.0,0.0,0.0,0.0,0.0,0.0,0.0,0.0,0.0,0.0,0.013131,0.013131,0.0078786,0.0249489,0.95,0.95,b
2335,l3027670,0.0,0.0,0.0,0.0,0.0,0.0,0.0,0.0,0.0,0.0,0.0,0.0,0.013131,0.013131,0.0078786,0.0249489,0.95,0.95,b
2337,l2802480,0.0,0.0,0.0,0.0,0.0,0.0,0.0,0.0,0.0,0.0,0.0,0.0,0.013131,0.013131,0.0078786,0.0249489,0.95,0.95,b
2338,l3252336,0.0,0.0,0.0,0.0,0.0,0.0,0.0,0.0,0.0,0.0,0.0,0.0,0.0065655,0.0065655,0.0039393,0.01247445,0.95,0.95,b
2339,l3233413,0.0,0.0,0.0,0.0,0.0,0.0,0.0,0.0,0.0,0.0,0.0,0.0,0.0087525,0.0087525,0.005251499999999999,0.01662975,0.95,0.95,b
2341,l3102286,0.0,0.0,0.0,0.0,0.0,0.0,0.0,0.0,0.0,0.0,0.0,0.0,0.013131,0.013131,0.0078786,0.0249489,0.95,0.95,b
2349,l2973791,0.0,0.0,0.0,0.0,0.0,0.0,0.007983,0.007983,0.0047897999999999994,0.015167699999999998,0.95,0.95,0.0,0.0,0.0,0.0,0.0,0.0,a
2351,l3232902,0.0,0.0,0.0,0.0,0.0,0.0,0.0053415,0.0053415,0.0032048999999999997,0.01014885,0.95,0.95,0.0,0.0,0.0,0.0,0.0,0.0,a
2355,l2730106,0.0059264999999999995,0.0059264999999999995,0.0035559,0.011260349999999999,0.95,0.95,0.0,0.0,0.0,0.0,0.0,0.0,0.0,0.0,0.0,0.0,0.0,0.0,c
2374,l3179646,0.0,0.0,0.0,0.0,0.0,0.0,0.0,0.0,0.0,0.0,0.0,0.0,0.0065655,0.0065655,0.0039393,0.01247445,0.95,0.95,b
2375,l2674027,0.0,0.0,0.0,0.0,0.0,0.0,0.0,0.0,0.0,0.0,0.0,0.0,0.0057285,0.0057285,0.0034371000000000002,0.01088415,0.95,0.95,b
2376,l2692633,0.0059264999999999995,0.0059264999999999995,0.0035559,0.011260349999999999,0.95,0.95,0.0,0.0,0.0,0.0,0.0,0.0,0.0,0.0,0.0,0.0,0.0,0.0,c
2388,l2955006,0.0045765,0.0045765,0.0027459000000000003,0.00869535,0.95,0.95,0.0,0.0,0.0,0.0,0.0,0.0,0.0,0.0,0.0,0.0,0.0,0.0,c
2389,l2692600,0.0045765,0.0045765,0.0027459000000000003,0.00869535,0.95,0.95,0.0,0.0,0.0,0.0,0.0,0.0,0.0,0.0,0.0,0.0,0.0,0.0,c
2390,l3235945,0.0045765,0.0045765,0.0027459000000000003,0.00869535,0.95,0.95,0.0,0.0,0.0,0.0,0.0,0.0,0.0,0.0,0.0,0.0,0.0,0.0,c
2391,l2842330,0.0045765,0.0045765,0.0027459000000000003,0.00869535,0.95,0.95,0.0,0.0,0.0,0.0,0.0,0.0,0.0,0.0,0.0,0.0,0.0,0.0,c
2392,l3086002,0.0045765,0.0045765,0.0027459000000000003,0.00869535,0.95,0.95,0.0,0.0,0.0,0.0,0.0,0.0,0.0,0.0,0.0,0.0,0.0,0.0,c
2394,l2730107,0.0045765,0.0045765,0.0027459000000000003,0.00869535,0.95,0.95,0.0,0.0,0.0,0.0,0.0,0.0,0.0,0.0,0.0,0.0,0.0,0.0,c
2395,l3179608,0.006867,0.006867,0.004120199999999999,0.0130473,0.95,0.95,0.0,0.0,0.0,0.0,0.0,0.0,0.0,0.0,0.0,0.0,0.0,0.0,c
2420,l3235242,0.0045765,0.0045765,0.0027459000000000003,0.00869535,0.95,0.95,0.0,0.0,0.0,0.0,0.0,0.0,0.0,0.0,0.0,0.0,0.0,0.0,c
2422,l3141393,0.0045765,0.0045765,0.0027459000000000003,0.00869535,0.95,0.95,0.0,0.0,0.0,0.0,0.0,0.0,0.0,0.0,0.0,0.0,0.0,0.0,c
2423,l3118855,0.006867,0.006867,0.004120199999999999,0.0130473,0.95,0.95,0.0,0.0,0.0,0.0,0.0,0.0,0.0,0.0,0.0,0.0,0.0,0.0,c
2424,l3231255,0.0045765,0.0045765,0.0027459000000000003,0.00869535,0.95,0.95,0.0,0.0,0.0,0.0,0.0,0.0,0.0,0.0,0.0,0.0,0.0,0.0,c
2451,l2804277,0.0045765,0.0045765,0.0027459000000000003,0.00869535,0.95,0.95,0.0,0.0,0.0,0.0,0.0,0.0,0.0,0.0,0.0,0.0,0.0,0.0,c
2456,l2936213,0.0,0.0,0.0,0.0,0.0,0.0,0.0,0.0,0.0,0.0,0.0,0.0,0.0065655,0.0065655,0.0039393,0.01247445,0.95,0.95,b
2458,l3141394,0.0,0.0,0.0,0.0,0.0,0.0,0.0,0.0,0.0,0.0,0.0,0.0,0.0043785,0.0043785,0.0026271,0.008319149999999999,0.95,0.95,b
2465,l3065665,0.0,0.0,0.0,0.0,0.0,0.0,0.0053415,0.0053415,0.0032048999999999997,0.01014885,0.95,0.95,0.0,0.0,0.0,0.0,0.0,0.0,a
2466,l3235946,0.0,0.0,0.0,0.0,0.0,0.0,0.0053415,0.0053415,0.0032048999999999997,0.01014885,0.95,0.95,0.0,0.0,0.0,0.0,0.0,0.0,a
2478,l2748781,0.0,0.0,0.0,0.0,0.0,0.0,0.005985000000000001,0.005985000000000001,0.003591,0.0113715,0.95,0.95,0.0,0.0,0.0,0.0,0.0,0.0,a
2479,l3101782,0.0,0.0,0.0,0.0,0.0,0.0,0.005985000000000001,0.005985000000000001,0.003591,0.0113715,0.95,0.95,0.0,0.0,0.0,0.0,0.0,0.0,a
2493,l2767340,0.012945,0.012945,0.007767,0.0245955,0.95,0.95,0.012945,0.012945,0.007767,0.0245955,0.95,0.95,0.012945,0.012945,0.007767,0.0245955,0.95,0.95,abc
2498,l3030126,0.0059264999999999995,0.0059264999999999995,0.0035559,0.011260349999999999,0.95,0.95,0.0,0.0,0.0,0.0,0.0,0.0,0.0,0.0,0.0,0.0,0.0,0.0,c
2499,l3254870,0.0045765,0.0045765,0.0027459000000000003,0.00869535,0.95,0.95,0.0,0.0,0.0,0.0,0.0,0.0,0.0,0.0,0.0,0.0,0.0,0.0,c
2502,l3150961,0.006867,0.006867,0.004120199999999999,0.0130473,0.95,0.95,0.0,0.0,0.0,0.0,0.0,0.0,0.0,0.0,0.0,0.0,0.0,0.0,c
2507,l3104796,0.0045765,0.0045765,0.0027459000000000003,0.00869535,0.95,0.95,0.0,0.0,0.0,0.0,0.0,0.0,0.0,0.0,0.0,0.0,0.0,0.0,c
2509,l2917255,0.0045765,0.0045765,0.0027459000000000003,0.00869535,0.95,0.95,0.0,0.0,0.0,0.0,0.0,0.0,0.0,0.0,0.0,0.0,0.0,0.0,c
2515,l3048962,0.0,0.0,0.0,0.0,0.0,0.0,0.005985000000000001,0.005985000000000001,0.003591,0.0113715,0.95,0.95,0.0,0.0,0.0,0.0,0.0,0.0,a
2520,l3067507,0.006867,0.006867,0.004120199999999999,0.0130473,0.95,0.95,0.0,0.0,0.0,0.0,0.0,0.0,0.0,0.0,0.0,0.0,0.0,0.0,c
2525,l2692655,0.0045765,0.0045765,0.0027459000000000003,0.00869535,0.95,0.95,0.0,0.0,0.0,0.0,0.0,0.0,0.0,0.0,0.0,0.0,0.0,0.0,c
2527,l2711226,0.0,0.0,0.0,0.0,0.0,0.0,0.0,0.0,0.0,0.0,0.0,0.0,0.0043785,0.0043785,0.0026271,0.008319149999999999,0.95,0.95,b
2529,l2861219,0.0,0.0,0.0,0.0,0.0,0.0,0.0,0.0,0.0,0.0,0.0,0.0,0.0057285,0.0057285,0.0034371000000000002,0.01088415,0.95,0.95,b
2538,l3160868,0.0,0.0,0.0,0.0,0.0,0.0,0.0,0.0,0.0,0.0,0.0,0.0,0.0043785,0.0043785,0.0026271,0.008319149999999999,0.95,0.95,b
2541,l2767409,0.0,0.0,0.0,0.0,0.0,0.0,0.0,0.0,0.0,0.0,0.0,0.0,0.0043785,0.0043785,0.0026271,0.008319149999999999,0.95,0.95,b
2546,l3217064,0.0,0.0,0.0,0.0,0.0,0.0,0.0,0.0,0.0,0.0,0.0,0.0,0.0057285,0.0057285,0.0034371000000000002,0.01088415,0.95,0.95,b
2551,l2879794,0.0,0.0,0.0,0.0,0.0,0.0,0.005985000000000001,0.005985000000000001,0.003591,0.0113715,0.95,0.95,0.0,0.0,0.0,0.0,0.0,0.0,a
2554,l2917330,0.0,0.0,0.0,0.0,0.0,0.0,0.0053415,0.0053415,0.0032048999999999997,0.01014885,0.95,0.95,0.0,0.0,0.0,0.0,0.0,0.0,a
2555,l2861222,0.0,0.0,0.0,0.0,0.0,0.0,0.007335,0.007335,0.0044009999999999995,0.0139365,0.95,0.95,0.0,0.0,0.0,0.0,0.0,0.0,a
2556,l2955074,0.0,0.0,0.0,0.0,0.0,0.0,0.005985000000000001,0.005985000000000001,0.003591,0.0113715,0.95,0.95,0.0,0.0,0.0,0.0,0.0,0.0,a
2557,l3030199,0.0045765,0.0045765,0.0027459000000000003,0.00869535,0.95,0.95,0.0,0.0,0.0,0.0,0.0,0.0,0.0,0.0,0.0,0.0,0.0,0.0,c
2559,l2730163,0.0059264999999999995,0.0059264999999999995,0.0035559,0.011260349999999999,0.95,0.95,0.0,0.0,0.0,0.0,0.0,0.0,0.0,0.0,0.0,0.0,0.0,0.0,c
2566,l2842379,0.0,0.0,0.0,0.0,0.0,0.0,0.005985000000000001,0.005985000000000001,0.003591,0.0113715,0.95,0.95,0.0,0.0,0.0,0.0,0.0,0.0,a
2569,l2805031,0.006867,0.006867,0.004120199999999999,0.0130473,0.95,0.95,0.0,0.0,0.0,0.0,0.0,0.0,0.0,0.0,0.0,0.0,0.0,0.0,c
2574,l3068944,0.0,0.0,0.0,0.0,0.0,0.0,0.0,0.0,0.0,0.0,0.0,0.0,0.0065655,0.0065655,0.0039393,0.01247445,0.95,0.95,b
2579,l3142098,0.0,0.0,0.0,0.0,0.0,0.0,0.0,0.0,0.0,0.0,0.0,0.0,0.0057285,0.0057285,0.0034371000000000002,0.01088415,0.95,0.95,b
2582,l2879753,0.0,0.0,0.0,0.0,0.0,0.0,0.0,0.0,0.0,0.0,0.0,0.0,0.0043785,0.0043785,0.0026271,0.008319149999999999,0.95,0.95,b
2583,l2955055,0.0,0.0,0.0,0.0,0.0,0.0,0.0,0.0,0.0,0.0,0.0,0.0,0.0043785,0.0043785,0.0026271,0.008319149999999999,0.95,0.95,b
2587,l2917328,0.0,0.0,0.0,0.0,0.0,0.0,0.0,0.0,0.0,0.0,0.0,0.0,0.0043785,0.0043785,0.0026271,0.008319149999999999,0.95,0.95,b
2588,l2861218,0.0059264999999999995,0.0059264999999999995,0.0035559,0.011260349999999999,0.95,0.95,0.0,0.0,0.0,0.0,0.0,0.0,0.0,0.0,0.0,0.0,0.0,0.0,c
2599,l3104853,0.0059264999999999995,0.0059264999999999995,0.0035559,0.011260349999999999,0.95,0.95,0.0,0.0,0.0,0.0,0.0,0.0,0.0,0.0,0.0,0.0,0.0,0.0,c
2605,l3217052,0.0045765,0.0045765,0.0027459000000000003,0.00869535,0.95,0.95,0.0,0.0,0.0,0.0,0.0,0.0,0.0,0.0,0.0,0.0,0.0,0.0,c
2606,l2692660,0.0,0.0,0.0,0.0,0.0,0.0,0.007983,0.007983,0.0047897999999999994,0.015167699999999998,0.95,0.95,0.0,0.0,0.0,0.0,0.0,0.0,a
2610,l3086098,0.0,0.0,0.0,0.0,0.0,0.0,0.007983,0.007983,0.0047897999999999994,0.015167699999999998,0.95,0.95,0.0,0.0,0.0,0.0,0.0,0.0,a
2615,l2898515,0.0045765,0.0045765,0.0027459000000000003,0.00869535,0.95,0.95,0.0,0.0,0.0,0.0,0.0,0.0,0.0,0.0,0.0,0.0,0.0,0.0,c
2622,l3030205,0.0045765,0.0045765,0.0027459000000000003,0.00869535,0.95,0.95,0.0,0.0,0.0,0.0,0.0,0.0,0.0,0.0,0.0,0.0,0.0,0.0,c
2632,l3179674,0.0,0.0,0.0,0.0,0.0,0.0,0.0,0.0,0.0,0.0,0.0,0.0,0.0043785,0.0043785,0.0026271,0.008319149999999999,0.95,0.95,b
2642,l3142099,0.0,0.0,0.0,0.0,0.0,0.0,0.0,0.0,0.0,0.0,0.0,0.0,0.0057285,0.0057285,0.0034371000000000002,0.01088415,0.95,0.95,b
2649,l3011293,0.009182166666666667,0.009182166666666667,0.005509309999999999,0.01744614833333333,0.95,0.95,0.009182166666666667,0.009182166666666667,0.005509309999999999,0.01744614833333333,0.95,0.95,0.009182166666666667,0.009182166666666667,0.005509309999999999,0.01744614833333333,0.95,0.95,abc
2655,l2861223,0.0,0.0,0.0,0.0,0.0,0.0,0.0,0.0,0.0,0.0,0.0,0.0,0.0043785,0.0043785,0.0026271,0.008319149999999999,0.95,0.95,b
2661,l3234149,0.043146,0.043146,0.025887599999999997,0.08197739999999999,0.95,0.95,0.043146,0.043146,0.025887599999999997,0.08197739999999999,0.95,0.95,0.043146,0.043146,0.025887599999999997,0.08197739999999999,0.95,0.95,abc
2670,l3217056,0.0,0.0,0.0,0.0,0.0,0.0,0.007983,0.007983,0.0047897999999999994,0.015167699999999998,0.95,0.95,0.0,0.0,0.0,0.0,0.0,0.0,a
2675,l2786204,0.0,0.0,0.0,0.0,0.0,0.0,0.006867,0.006867,0.004120199999999999,0.0130473,0.95,0.95,0.0,0.0,0.0,0.0,0.0,0.0,a
2683,l2861157,0.0045765,0.0045765,0.0027459000000000003,0.00869535,0.95,0.95,0.0,0.0,0.0,0.0,0.0,0.0,0.0,0.0,0.0,0.0,0.0,0.0,c
2686,l2806553,0.0045765,0.0045765,0.0027459000000000003,0.00869535,0.95,0.95,0.0,0.0,0.0,0.0,0.0,0.0,0.0,0.0,0.0,0.0,0.0,0.0,c
2691,l3254873,0.0045406000000000005,0.0045406000000000005,0.0027243299999999996,0.008627044999999998,0.95,0.95,0.0,0.0,0.0,0.0,0.0,0.0,0.0,0.0,0.0,0.0,0.0,0.0,c
2693,l2745811,0.0045765,0.0045765,0.0027459000000000003,0.00869535,0.95,0.95,0.0,0.0,0.0,0.0,0.0,0.0,0.0,0.0,0.0,0.0,0.0,0.0,c
2695,l3027124,0.0045765,0.0045765,0.0027459000000000003,0.00869535,0.95,0.95,0.0,0.0,0.0,0.0,0.0,0.0,0.0,0.0,0.0,0.0,0.0,0.0,c
2699,l3048890,0.0045765,0.0045765,0.0027459000000000003,0.00869535,0.95,0.95,0.0,0.0,0.0,0.0,0.0,0.0,0.0,0.0,0.0,0.0,0.0,0.0,c
2701,l3048889,0.0045765,0.0045765,0.0027459000000000003,0.00869535,0.95,0.95,0.0,0.0,0.0,0.0,0.0,0.0,0.0,0.0,0.0,0.0,0.0,0.0,c
2708,l2767343,0.006867,0.006867,0.004120199999999999,0.0130473,0.95,0.95,0.0,0.0,0.0,0.0,0.0,0.0,0.0,0.0,0.0,0.0,0.0,0.0,c
2712,l2970804,0.0045765,0.0045765,0.0027459000000000003,0.00869535,0.95,0.95,0.0,0.0,0.0,0.0,0.0,0.0,0.0,0.0,0.0,0.0,0.0,0.0,c
2714,l2952007,0.0045765,0.0045765,0.0027459000000000003,0.00869535,0.95,0.95,0.0,0.0,0.0,0.0,0.0,0.0,0.0,0.0,0.0,0.0,0.0,0.0,c
2715,l2861158,0.0045765,0.0045765,0.0027459000000000003,0.00869535,0.95,0.95,0.0,0.0,0.0,0.0,0.0,0.0,0.0,0.0,0.0,0.0,0.0,0.0,c
2717,l3179637,0.006867,0.006867,0.004120199999999999,0.0130473,0.95,0.95,0.0,0.0,0.0,0.0,0.0,0.0,0.0,0.0,0.0,0.0,0.0,0.0,c
2718,l3253570,0.0059264999999999995,0.0059264999999999995,0.0035559,0.011260349999999999,0.95,0.95,0.0,0.0,0.0,0.0,0.0,0.0,0.0,0.0,0.0,0.0,0.0,0.0,c
2719,l2937757,0.0045765,0.0045765,0.0027459000000000003,0.00869535,0.95,0.95,0.0,0.0,0.0,0.0,0.0,0.0,0.0,0.0,0.0,0.0,0.0,0.0,c
2720,l3067448,0.0045765,0.0045765,0.0027459000000000003,0.00869535,0.95,0.95,0.0,0.0,0.0,0.0,0.0,0.0,0.0,0.0,0.0,0.0,0.0,0.0,c
2721,l2763407,0.0045765,0.0045765,0.0027459000000000003,0.00869535,0.95,0.95,0.0,0.0,0.0,0.0,0.0,0.0,0.0,0.0,0.0,0.0,0.0,0.0,c
